ARK	TYPE	VALUE	SOURCE
21198/zz002kpzc9	callNo	050120231211	
21198/zz0015vhrm	local	610	
21198/zz0008zcpv	local	213	
21198/zz0008zdfq	local	234	
21198/zz0008z865	local	12	
21198/zz0008zdm9	local	239	
21198/zz0008zdtd	local	244	
21198/zz0008zf4j	local	253	
21198/zz0008zb7n	local	175	
21198/zz0008zkzw	local	379	
21198/zz0008zbpc	local	188	
21198/zz0008zfjr	local	264	
21198/zz0008zbrd	local	19	
21198/zz0008zkk6	local	369	
21198/zz0008zhww	local	324	
21198/zz0008zjxw	local	351	
21198/zz0008ztkk	local	574	
21198/zz0008ztm3	local	575	
21198/zz0008zv3t	local	588	
21198/zz0008zvf0	local	597	
21198/zz0008zvgh	local	598	
21198/zz0008zvn3	local	601	
21198/zz0008zwdz	local	621	
21198/zz0008zvh1	local	599	
21198/zz0008zvpm	local	602	
21198/zz0008zvwq	local	608	
21198/zz0008zwfg	local	622	
21198/zz0008zrt7	local	506	
21198/zz0008zmp7	local	398	
21198/zz0008zp2w	local	433	
21198/zz0008zrb0	local	493	
21198/zz0008z8mc	local	130	
21198/zz0008z8nw	local	131	
21198/zz0008z81k	local	115	
21198/zz0008zxs4	local	66	
21198/zz0008zv5v	local	59	
21198/zz00090400	local	81	
21198/zz0008zgcn	local	286	
21198/zz0008zthj	local	572	
21198/zz0008ztr5	local	579	
21198/zz0008zm81	local	387	
21198/zz0008znf3	local	417	
21198/zz0008zp6z	local	437	
21198/zz0008zhsb	local	321	
21198/zz0008zjp8	local	345	
21198/zz0008zp3d	local	434	
21198/zz0008z94m	local	144	
21198/zz0008z98p	local	148	
21198/zz0008z9gs	local	153	
21198/zz0009061g	local	S040	
21198/zz0009065j	local	S044	
21198/zz0008zx49	local	642	
21198/zz0008zx9w	local	647	
21198/zz000902hs	local	761	
21198/zz0008zgxx	local	30	
21198/zz0008zh30	local	303	
21198/zz0008zjnr	local	344	
21198/zz0008zkq8	local	372	
21198/zz0008zmss	local	40	
21198/zz0008zpp6	local	45	
21198/zz0008zqtr	local	48	
21198/zz0008zs1t	local	511	
21198/zz0008zs8f	local	518	
21198/zz0008zsv7	local	534	
21198/zz0008zvjj	local	6	
21198/zz0008zx7v	local	645	
21198/zz000902kt	local	763	
21198/zz000902vz	local	770	
21198/zz0009030h	local	774	
21198/zz000903bp	local	783	
21198/zz000903gr	local	787	
21198/zz000903xg	local	8	
21198/zz00090484	local	89	
21198/zz0008zb1j	local	17	
21198/zz0008zz0q	local	665	
21198/zz000901c7	local	730	
21198/zz000901w0	local	744	
21198/zz0008zdzg	local	248	
21198/zz0008zf0g	local	249	
21198/zz0008zp7g	local	438	
21198/zz0008zpnp	local	449	
21198/zz0008zmhn	local	393	
21198/zz0008zmj5	local	394	
21198/zz0008zmxv	local	403	
21198/zz0008zpm5	local	448	
21198/zz000906g6	local	S054	
21198/zz0008z7hb	local	101	
21198/zz0008zcf7	local	207	
21198/zz0008z7t0	local	11	
21198/zz0008z802	local	114	
21198/zz0008zd3j	local	225	
21198/zz001525rg	local	791	
21198/zz001633d6	local	773	
21198/zz0015z39f	local	771	
21198/zz0015z8gf	local	775	
21198/zz0015xc1q	local	656	
21198/zz00162xkx	local	215	
21198/zz0008zzbw	local	674	
21198/zz0008zzxp	local	690	
21198/zz00090065	local	698	
21198/zz000900kv	local	708	
21198/zz000900v0	local	717	
21198/zz0009014m	local	724	
21198/zz002jxzk4	mp4	21198-zz002jxzk4	
21198/zz002kfjxn	mp4	21198-zz002kfjxn	
21198/zz002kfjw4	mp4	21198-zz002kfjw4	
21198/zz000s9kzk	OPAC	1973110	
21198/zz000j6wv4	OPAC	2722988	
21198/zz0009fkv1	OPAC	4990948	
21198/zz0009fmmw	OPAC	462215	
21198/zz0009gk8p	OPAC	5232959	
21198/zz000j6ws3	OPAC	2722988	
21198/zz00097zp2	OPAC	3222602	
21198/zz000955w5	OPAC	1217825	
21198/zz000j43hz	OPAC	2723091	
21198/zz000rtfwx	OPAC	1217913	
21198/zz000rtg20	OPAC	1217913	
21198/zz000955sm	OPAC	1217913	
21198/zz000nmdd8	OPAC	2221345	
21198/zz000rtg1g	OPAC	1217913	
21198/zz000rt4rh	OPAC	1217825	
21198/zz00097xzq	OPAC	4433514	
21198/zz00097xx6	OPAC	4668073	
21198/zz0009f4sq	OPAC	4233517	
21198/zz0009f51t	OPAC	4663038	
21198/zz0009dgv4	OPAC	5229936	
21198/zz0009g1g2	OPAC	4857416	
21198/zz0009g04d	OPAC	5752164	
21198/zz00097zbw	OPAC	4436618	
21198/zz0009dcbx	OPAC	5230423	
21198/zz0009ddh0	OPAC	5232954	
21198/zz0009dcg0	OPAC	4663039	
21198/zz0009ddjh	OPAC	4663030	
21198/zz0009dg9v	OPAC	4233266	
21198/zz000962z6	OPAC	4433055	
21198/zz00097r3c	OPAC	5401098	
21198/zz00098t5t	OPAC	5047953	
21198/zz0009cm79	OPAC	4663025	
21198/zz0009916p	OPAC	4990861	
21198/zz00099197	OPAC	4237253	
21198/zz0009chx6	OPAC	5230424	
21198/zz00099hjm	OPAC	5375223	
21198/zz00097pzb	OPAC	4433513	
21198/zz0008zcf7	OPAC	2220998	
21198/zz0008zcpv	OPAC	1217842	
21198/zz0008zdks	OPAC	4233990	
21198/zz000j3xjm	OPAC	1470586	
21198/zz0008z8g9	OPAC	1218077	
21198/zz0008z9pw	OPAC	964640	
21198/zz0008zf73	OPAC	2221330	
21198/zz0008zfgq	OPAC	1973076	
21198/zz0008zkbk	OPAC	709391	
21198/zz0008zfn9	OPAC	2470446	
21198/zz0008zqk4	OPAC	4233742	
21198/zz0008zg20	OPAC	1972963	
21198/zz00175sb4	OPAC	1720585	
21198/zz0008zgkr	OPAC	3649317	
21198/zz0008z9gs	OPAC	1720762	
21198/zz0008z9w0	OPAC	3913956	
21198/zz0008zk8j	OPAC	1720745	
21198/zz0008zpvs	OPAC	709435	
21198/zz0008zq90	OPAC	1972937	
21198/zz0008zr8z	OPAC	2976896	
21198/zz0008zrch	OPAC	2221097	
21198/zz0008zrnn	OPAC	709488	
21198/zz0008zsc0	OPAC	4232904	
21198/zz0008zsn4	OPAC	4857417	
21198/zz0008zt3b	OPAC	4233348	
21198/zz0008z8mc	OPAC	964528	
21198/zz0008zsbg	OPAC	2976894	
21198/zz0008zt2t	OPAC	1720423	
21198/zz0008zrg2	OPAC	4233527	
21198/zz0008zmb2	OPAC	1217864	
21198/zz0008zj7j	OPAC	1217963	
21198/zz0008znc2	OPAC	709505	
21198/zz0008zqbh	OPAC	4234051	
21198/zz0008z912	OPAC	709328	
21198/zz0008z96n	OPAC	1217846	
21198/zz0008zqjm	OPAC	709345	
21198/zz0008zk2f	OPAC	4233667	
21198/zz0008zkc3	OPAC	4233290	
21198/zz0008zjfn	OPAC	2221463	
21198/zz0008zjj6	OPAC	1218118	
21198/zz00090662	OPAC	3467205	
21198/zz0008zbx0	OPAC	1470469	
21198/zz000900nw	OPAC	1972920	
21198/zz0008zh1z	OPAC	2221430	
21198/zz0008zhn8	OPAC	1470616	
21198/zz0008zjvv	OPAC	2723009	
21198/zz0008zmck	OPAC	2722898	
21198/zz0008zmqr	OPAC	4234011	
21198/zz0008zn91	OPAC	4233612	
21198/zz0008zpp6	OPAC	2470248	
21198/zz0008zr1b	OPAC	4233851	
21198/zz0008zz59	OPAC	2723109	
21198/zz00090463	OPAC	2470405	
21198/zz0008zdzg	OPAC	4233148	
21198/zz0008zm7h	OPAC	3649241	
21198/zz0008zngm	OPAC	964618	
21198/zz0008zsdh	OPAC	964517	
21198/zz0008zm60	OPAC	3467158	
21198/zz0008zd1h	OPAC	4233767	
21198/zz002kpz4p	callNo	050120231200	
21198/zz0015vsb8	local	181	
21198/zz0008zcwz	local	22	
21198/zz0015vc2b	local	111	
21198/zz0008z87p	local	120	
21198/zz0008z8cr	local	124	
21198/zz0008zdqv	local	241	
21198/zz0008zdwf	local	246	
21198/zz0008zdnt	local	24	
21198/zz0008z8qx	local	133	
21198/zz0008z8rf	local	134	
21198/zz0008zf2h	local	250	
21198/zz0008zf31	local	251	
21198/zz0008zkbk	local	362	
21198/zz0008zbmb	local	186	
21198/zz0008zfqb	local	269	
21198/zz0008zftw	local	271	
21198/zz0008zh0f	local	300OH	
21198/zz000904xz	local	S008	
21198/zz0009054j	local	S014	
21198/zz000905h7	local	S025	
21198/zz0008zwz7	local	638	
21198/zz000905sc	local	S033	
21198/zz0015xdvm	local	657	
21198/zz0008zxrm	local	659	
21198/zz0008z9kb	local	157	
21198/zz0008z9mv	local	158	
21198/zz0008z9vg	local	165	
21198/zz0008zk1x	local	354	
21198/zz0008ztbz	local	568	
21198/zz0008ztw7	local	582	
21198/zz0008zvq4	local	603	
21198/zz0008zvx7	local	609	
21198/zz0008zbj9	local	184	
21198/zz0008zh93	local	309	
21198/zz0008zr4w	local	488	
21198/zz0008zsf1	local	523	
21198/zz0008zmzc	local	404	
21198/zz0008zq4d	local	461	
21198/zz0008zr7f	local	490	
21198/zz0008zrnn	local	501	
21198/zz0008z8jb	local	129	
21198/zz0009036m	local	78	
21198/zz00090442	local	85	
21198/zz0008ztfh	local	570	
21198/zz0008ztj2	local	573	
21198/zz0008ztnm	local	576	
21198/zz0008ztqn	local	578	
21198/zz0008zjtb	local	349	
21198/zz0008zfxf	local	274	
21198/zz0008zhxd	local	325	
21198/zz0008z954	local	145	
21198/zz0008zk4g	local	357	
21198/zz0008z7ds	local	1	
21198/zz0008zc0h	local	196	
21198/zz0008zc53	local	20	
21198/zz0008zc74	local	201	
21198/zz0008zc8n	local	202	
21198/zz000902cq	local	757	
21198/zz0008zgrb	local	296	
21198/zz0008zgvw	local	299	
21198/zz0008zk0d	local	353	
21198/zz0008zn5z	local	41	
21198/zz0008zn91	local	413	
21198/zz0008znjn	local	42	
21198/zz0008znk5	local	420	
21198/zz0008zqc1	local	468	
21198/zz0008zsk3	local	527	
21198/zz0008zx1r	local	64	
21198/zz0008zx6b	local	644	
21198/zz0008zzj0	local	68	
21198/zz0008zzkh	local	680	
21198/zz0009025m	local	751	
21198/zz00090285	local	754	
21198/zz000902fr	local	759	
21198/zz000902tf	local	77	
21198/zz000903f7	local	786	
21198/zz00090421	local	83	
21198/zz000904hr	local	95	
21198/zz000901f8	local	732	
21198/zz0008zxcx	local	649	
21198/zz0008zxbd	local	648	
21198/zz0008zznj	local	682	
21198/zz000s9kzk	local	336	
21198/zz0008zrvr	local	507	
21198/zz0008zn70	local	411	
21198/zz0008zm2x	local	381	
21198/zz0008zsgj	local	524	
21198/zz0008zmm6	local	396	
21198/zz000x9ppj	local	740	
21198/zz0008zcmt	local	211	
21198/zz0008zbtf	local	191	
21198/zz00152bjs	local	713	
21198/zz001633cp	local	770	
21198/zz0015vqzm	local	624	
21198/zz0015vc1t	local	233	
21198/zz0008zz4s	local	669	
21198/zz0008zz9c	local	673	
21198/zz0008zzdx	local	676	
21198/zz0009007p	local	699	
21198/zz000900g9	local	704	
21198/zz0009005n	local	697	
21198/zz0009018p	local	728	
21198/zz000901nc	local	738	
21198/zz002jxzbh	mp4	21198-zz002jxzbh	
21198/zz002jxzjm	mp4	21198-zz002jxzjm	
21198/zz002kfk5r	mp4	21198-zz002kfk5r	
21198/zz002k7j42	mp4	21198-zz002k7j42	
21198/zz002k7pd4	mp4	21198-zz002k7pd4	
21198/zz000j43s3	OPAC	2723091	
21198/zz0015vscs	OPAC	4233042	
21198/zz000rws3r	OPAC	4433051	
21198/zz0015vc1t	OPAC	964265	
21198/zz000rwrw5	OPAC	4433051	
21198/zz000rws5s	OPAC	4433051	
21198/zz000rwrt4	OPAC	4433051	
21198/zz000rwrp2	OPAC	4433051	
21198/zz000j3xs7	OPAC	1470586	
21198/zz000j440p	OPAC	2723091	
21198/zz000rtg5j	OPAC	1217913	
21198/zz000rtg7k	OPAC	1217913	
21198/zz000rtg83	OPAC	1217913	
21198/zz000rtgcn	OPAC	1217913	
21198/zz000j3xrq	OPAC	1470586	
21198/zz000j6wk0	OPAC	2722988	
21198/zz000rtrch	OPAC	3222601	
21198/zz000990wj	OPAC	4237294	
21198/zz00099pr4	OPAC	5645618	
21198/zz00099psn	OPAC	4233674	
21198/zz00099qh0	OPAC	5375214	
21198/zz00099r38	OPAC	5375213	
21198/zz0009f5mm	OPAC	4663042	
21198/zz0009fp0j	OPAC	3467249	
21198/zz0009dgzp	OPAC	4233669	
21198/zz0009fzq8	OPAC	4433073	
21198/zz0009f4t7	OPAC	5230426	
21198/zz0009g1ch	OPAC	4454453	
21198/zz0009f52b	OPAC	4432953	
21198/zz0009dbs5	OPAC	4432946	
21198/zz0009ddk1	OPAC	5232963	
21198/zz0009dgpj	OPAC	4432952	
21198/zz0009dghz	OPAC	4432951	
21198/zz0009dgq2	OPAC	4233496	
21198/zz00097z9c	OPAC	4433159	
21198/zz0009912m	OPAC	4668072	
21198/zz00098t7v	OPAC	5351370	
21198/zz00097zcd	OPAC	5634644	
21198/zz0008zdnt	OPAC	1470608	
21198/zz0008zg7k	OPAC	1217920	
21198/zz0008z8v0	OPAC	2723131	
21198/zz0008zf31	OPAC	2976822	
21198/zz0008zb64	OPAC	964233	
21198/zz0008zf52	OPAC	3649353	
21198/zz0008zjr9	OPAC	4233682	
21198/zz0008zfjr	OPAC	2723136	
21198/zz0008zfsc	OPAC	2470390	
21198/zz000905sc	OPAC	1217992	
21198/zz0015vc3v	OPAC	3222239	
21198/zz00175rwx	OPAC	3222556	
21198/zz0008z9nc	OPAC	1973054	
21198/zz0008zkdm	OPAC	1470714	
21198/zz0008zhww	OPAC	4233901	
21198/zz0008zqrq	OPAC	1218039	
21198/zz0008ztkk	OPAC	1218104	
21198/zz0008zbhs	OPAC	1217888	
21198/zz0008zbj9	OPAC	2722830	
21198/zz0008zp2w	OPAC	3222192	
21198/zz0008zpt8	OPAC	462249	
21198/zz0008zr7f	OPAC	2470370	
21198/zz0008zr9g	OPAC	1720522	
21198/zz0008zrhk	OPAC	1972989	
21198/zz0008zs4c	OPAC	2723000	
21198/zz0008zt5c	OPAC	4233723	
21198/zz0008zvzr	OPAC	709427	
21198/zz0008zxs4	OPAC	2221494	
21198/zz000901bq	OPAC	2976919	
21198/zz00090400	OPAC	1217822	
21198/zz0008z9xh	OPAC	3467206	
21198/zz0008z9z1	OPAC	3649269	
21198/zz0008zthj	OPAC	709589	
21198/zz0008ztz8	OPAC	2723063	
21198/zz0008zjb3	OPAC	1973110	
21198/zz0008zhh6	OPAC	3222436	
21198/zz0008zmvt	OPAC	3467270	
21198/zz0008zp3d	OPAC	4233287	
21198/zz0008z975	OPAC	1217917	
21198/zz0008z7f9	OPAC	1973078	
21198/zz0008zgwd	OPAC	964299	
21198/zz0008zjhp	OPAC	2470271	
21198/zz0008zk71	OPAC	1720746	
21198/zz0008znq7	OPAC	4233734	
21198/zz0008zpsr	OPAC	4433053	
21198/zz0008zpxt	OPAC	4233673	
21198/zz0008zrkm	OPAC	1218119	
21198/zz0008zrqp	OPAC	3649240	
21198/zz0008zrr6	OPAC	4230307	
21198/zz0008zsv7	OPAC	4236182	
21198/zz0008zwbx	OPAC	3222246	
21198/zz000902tf	OPAC	709470	
21198/zz00090484	OPAC	1470475	
21198/zz000904cp	OPAC	2976818	
21198/zz000904ks	OPAC	2470291	
21198/zz0008zpr7	OPAC	4233120	
21198/zz0008zf0g	OPAC	4233962	
21198/zz0008zgzf	OPAC	4233256	
21198/zz0008znzv	OPAC	1218041	
21198/zz0008zm9j	OPAC	964524	
21198/zz0008z7nd	OPAC	2723120	
21198/zz0008zcqc	OPAC	709395	
21198/zz0008z7vh	OPAC	1470740	
21198/zz000s93f2	OPAC	5263600	
21198/zz0028tcxf	oclc	857854013	
21198/zz000xc4k5	local	747	
21198/zz000s9kx2	local	662	
21198/zz0015vsft	local	371	
21198/zz0008zcnb	local	212	
21198/zz0008z844	local	118	
21198/zz0008zdcp	local	232	
21198/zz0008zdrc	local	242	
21198/zz0008zg7k	local	282	
21198/zz0008zfc5	local	26	
21198/zz0008zff6	local	261	
21198/zz0008zg3h	local	279	
21198/zz0008zg83	local	283	
21198/zz000905tw	local	S034	
21198/zz0008zxtn	local	660	
21198/zz0008zxv5	local	661	
21198/zz0008z9jt	local	155	
21198/zz0008z9qd	local	160	
21198/zz0008z9rx	local	161	
21198/zz0008zkh5	local	367	
21198/zz0008zks9	local	374	
21198/zz0008znbj	local	414	
21198/zz0008zjzd	local	352	
21198/zz0008zmfm	local	391	
21198/zz0008zw6v	local	616	
21198/zz0008zwkj	local	626	
21198/zz0008zwm2	local	627	
21198/zz000903wz	local	798	
21198/zz0008zwnk	local	628	
21198/zz0008zvdg	local	596	
21198/zz0008zkvb	local	376	
21198/zz0008zn4f	local	409	
21198/zz0008zq90	local	466	
21198/zz0008zqpp	local	476	
21198/zz0008zsh2	local	525	
21198/zz0008zsjk	local	526	
21198/zz0008zt0s	local	538	
21198/zz0008z8pd	local	132	
21198/zz0008zg5j	local	280	
21198/zz0008zdhr	local	236	
21198/zz0008ztxr	local	583	
21198/zz0008zhh6	local	314	
21198/zz0008zmwb	local	402	
21198/zz0008zhrt	local	320	
21198/zz0008zq0b	local	458	
21198/zz0008zqx9	local	482	
21198/zz0008zqzt	local	483	
21198/zz0008z933	local	143	
21198/zz0008zjst	local	348	
21198/zz0009060z	local	S039	
21198/zz00090641	local	S043	
21198/zz000906cn	local	S051	
21198/zz0008zc2j	local	198	
21198/zz0009023k	local	75	
21198/zz000902d7	local	758	
21198/zz0008zgqt	local	295	
21198/zz0008zhjq	local	315	
21198/zz0008zj3g	local	33	
21198/zz0008zjkq	local	342	
21198/zz0008zkgn	local	366	
21198/zz0008zkwv	local	377	
21198/zz0008zpsr	local	452	
21198/zz0008zr6x	local	49	
21198/zz0008zrz9	local	51	
21198/zz0008ztd0	local	57	
21198/zz0008zwsn	local	633	
21198/zz0008zx5t	local	643	
21198/zz000902mb	local	764	
21198/zz000902zh	local	773	
21198/zz00090395	local	782	
21198/zz000903c6	local	784	
21198/zz000903h8	local	788	
21198/zz000903pv	local	792	
21198/zz0009045k	local	86	
21198/zz000904b5	local	90	
21198/zz000904g7	local	94	
21198/zz000904m9	local	98	
21198/zz000901dr	local	731	
21198/zz0008zgzf	local	300	
21198/zz0008zh51	local	305	
21198/zz0008zm7h	local	386	
21198/zz0008zp0v	local	431	
21198/zz0008zpcj	local	441	
21198/zz0008zm4z	local	383	
21198/zz000906j7	local	S056	
21198/zz0008z797	local	63	
21198/zz000xd5tq	local	745	
21198/zz0008z7mw	local	104	
21198/zz0008zcgr	local	208	
21198/zz0008zch8	local	209	
21198/zz0008zbd7	local	180	
21198/zz0008zcdq	local	206	
21198/zz0008z823	local	116	
21198/zz0008zzff	local	677	
21198/zz0008zzz6	local	691	
21198/zz0009003m	local	695	
21198/zz000900fs	local	703	
21198/zz000900cr	local	701	
21198/zz000900rf	local	713	
21198/zz0008zk3z	local	356	
21198/zz002kfk3q	mp4	21198-zz002kfk3q	
21198/zz002kfk47	mp4	21198-zz002kfk47	
21198/zz002kfjz5	mp4	21198-zz002kfjz5	
21198/zz002k7nzx	mp4	21198-zz002k7nzx	
21198/zz002kck8d	mp4	21198-zz002kck8d	
21198/zz002jz29w	mp4	21198-zz002jz29w	
21198/zz002jxzs7	mp4	21198-zz002jxzs7	
21198/zz000rws48	OPAC	4433051	
21198/zz0009fp12	OPAC	3467249	
21198/zz0009fp33	OPAC	3467249	
21198/zz000j43jg	OPAC	2723091	
21198/zz000j43fx	OPAC	2723091	
21198/zz000j43v4	OPAC	2723091	
21198/zz000j43wn	OPAC	2723091	
21198/zz000rtrfj	OPAC	3222601	
21198/zz000rtg41	OPAC	1217913	
21198/zz000j43mh	OPAC	2723091	
21198/zz000j43rk	OPAC	2723091	
21198/zz00097zdx	OPAC	4433157	
21198/zz0009fmkc	OPAC	5751298	
21198/zz0009htxb	OPAC	4436811	
21198/zz0009jgtd	OPAC	4236183	
21198/zz0009hvt8	OPAC	5232965	
21198/zz0009g05x	OPAC	5752164	
21198/zz0009f4xs	OPAC	4436809	
21198/zz0009f4z9	OPAC	4663019	
21198/zz0009f4w8	OPAC	4432940	
21198/zz0009dccf	OPAC	4663036	
21198/zz0009dchh	OPAC	4857414	
21198/zz0009dbtp	OPAC	4233007	
21198/zz0009dcnk	OPAC	4663029	
21198/zz0009ddmj	OPAC	4233266	
21198/zz0009dgbc	OPAC	4432942	
21198/zz0009dgfx	OPAC	4233357	
21198/zz00097q5x	OPAC	5263587	
21198/zz00098t6b	OPAC	4990846	
21198/zz0008z886	OPAC	1217790	
21198/zz0008zdqv	OPAC	964634	
21198/zz0008z8ht	OPAC	3467271	
21198/zz0008z8kv	OPAC	1973132	
21198/zz0008zb01	OPAC	2976925	
21198/zz0008zb22	OPAC	964549	
21198/zz0008zkzw	OPAC	1470533	
21198/zz0008zfwx	OPAC	3649348	
21198/zz0008zg0z	OPAC	2470391	
21198/zz0008zgfp	OPAC	1470548	
21198/zz000905qb	OPAC	2221039	
21198/zz0015vc2b	OPAC	2723083	
21198/zz0008zgd5	OPAC	2722791	
21198/zz0008zgg6	OPAC	2470337	
21198/zz0008z9jt	OPAC	1972953	
21198/zz0008z9mv	OPAC	1972987	
21198/zz0008z9qd	OPAC	2221079	
21198/zz0008z9vg	OPAC	3222313	
21198/zz0008zkk6	OPAC	1470595	
21198/zz0008zj0x	OPAC	4233853	
21198/zz0008zh8k	OPAC	4233408	
21198/zz0008zjxw	OPAC	4233305	
21198/zz0008zsf1	OPAC	4230375	
21198/zz0008zss6	OPAC	4432941	
21198/zz0008zmp7	OPAC	2221488	
21198/zz0008zn8h	OPAC	2976703	
21198/zz0008zq1v	OPAC	3649391	
21198/zz0008zs7x	OPAC	4237316	
21198/zz0008zt19	OPAC	4233292	
21198/zz0008z8pd	OPAC	2976844	
21198/zz0008zm0w	OPAC	964508	
21198/zz0008z7qf	OPAC	1217918	
21198/zz0008zzw5	OPAC	1217933	
21198/zz0009036m	OPAC	1720759	
21198/zz000904j8	OPAC	2221474	
21198/zz0008zhmr	OPAC	462148	
21198/zz0008zm81	OPAC	3649282	
21198/zz0008zp6z	OPAC	3649254	
21198/zz0008zhsb	OPAC	1470584	
21198/zz0008zs6d	OPAC	4230376	
21198/zz0008zmnq	OPAC	462199	
21198/zz0008zn0c	OPAC	1972970	
21198/zz0008zj5h	OPAC	709532	
21198/zz0008zj82	OPAC	1720507	
21198/zz0008zhxd	OPAC	462195	
21198/zz0008zr0t	OPAC	4233852	
21198/zz0008zrm4	OPAC	4230389	
21198/zz0008z98p	OPAC	1217980	
21198/zz0008z9c7	OPAC	1218043	
21198/zz0008zjst	OPAC	2221021	
21198/zz0008z7ds	OPAC	709588	
21198/zz0008zc53	OPAC	2976805	
21198/zz0008zc6m	OPAC	1973126	
21198/zz0008zgm8	OPAC	3222229	
21198/zz0008zhvc	OPAC	4233729	
21198/zz0008zmss	OPAC	3222339	
21198/zz0008zq8g	OPAC	1972997	
21198/zz0008zr6x	OPAC	2976808	
21198/zz0008zspn	OPAC	709510	
21198/zz0008zvjj	OPAC	964181	
21198/zz0008zvk2	OPAC	2221491	
21198/zz000903k9	OPAC	1973065	
21198/zz000904b5	OPAC	2221337	
21198/zz0008zn6g	OPAC	4233268	
21198/zz0008zp0v	OPAC	4233289	
21198/zz0008zpzb	OPAC	4233714	
21198/zz0008zn1w	OPAC	4233110	
21198/zz0008z7gt	OPAC	2722934	
21198/zz0008zcc6	OPAC	964289	
21198/zz0008zb5m	OPAC	1720367	
21198/zz0008z7xj	OPAC	709346	
21198/zz0015vc4c	OPAC	3222239	
21198/zz000rwrhg	OPAC	709570	
21198/zz00175s62	OPAC	3222556	
21198/zz00175s41	OPAC	2976817	
21198/zz0013zgs5	local	584	
21198/zz0008zd63	local	228	
21198/zz0015vc3v	local	84	
21198/zz0008zdks	local	238	
21198/zz0008zdpb	local	240	
21198/zz0008zfzz	local	275	
21198/zz0008z8fs	local	126	
21198/zz0008zjqs	local	346	
21198/zz0008z9pw	local	16	
21198/zz0008zf73	local	256	
21198/zz0008zkn7	local	370	
21198/zz0008zmkp	local	395	
21198/zz0008zbb6	local	179	
21198/zz0015vgm2	local	210	
21198/zz000905n9	local	S029	
21198/zz000905qb	local	S031	
21198/zz0015tr47	local	282	
21198/zz0008zgd5	local	287	
21198/zz0008z9xh	local	167	
21198/zz0008zkjp	local	368	
21198/zz0008zh8k	local	308	
21198/zz0008zv4b	local	589	
21198/zz0008zvmk	local	600	
21198/zz0008zwj1	local	625	
21198/zz0008zv6c	local	590	
21198/zz0008zvbf	local	594	
21198/zz0008zw4t	local	614	
21198/zz0008zwp3	local	629	
21198/zz0008zhc4	local	310	
21198/zz0008zn8h	local	412	
21198/zz0008zpt8	local	453	
21198/zz0008zt19	local	539	
21198/zz0008zv08	local	585	
21198/zz0008zqbh	local	467	
21198/zz0008z912	local	141	
21198/zz0008z9f8	local	152	
21198/zz0008zrm4	local	500	
21198/zz0008z996	local	149	
21198/zz0008zk2f	local	355	
21198/zz0008zbwg	local	193	
21198/zz0008zxgg	local	651	
21198/zz0008zzm1	local	681	
21198/zz0008zgsv	local	297	
21198/zz0008zgwd	local	3	
21198/zz0008zjvv	local	35	
21198/zz0008zmd3	local	390	
21198/zz0008znv9	local	428	
21198/zz0008znxb	local	43	
21198/zz0008zpxt	local	456	
21198/zz0008zq8g	local	465	
21198/zz0008zrj3	local	5	
21198/zz0008zs09	local	510	
21198/zz0008zwbx	local	62	
21198/zz0008zxh0	local	652	
21198/zz000900zj	local	72	
21198/zz000903js	local	789	
21198/zz000903tx	local	796	
21198/zz0009049n	local	9	
21198/zz000901tz	local	742	
21198/zz0008zz2r	local	667	
21198/zz000901h9	local	734	
21198/zz000901vg	local	743	
21198/zz0008zpr7	local	451	
21198/zz0008znrr	local	425	
21198/zz0008zns8	local	426	
21198/zz0008zn6g	local	410	
21198/zz0008zctx	local	217	
21198/zz0008zb5m	local	173	
21198/zz0008zc32	local	199	
21198/zz0008z7xj	local	112	
21198/zz0015vhs4	local	610	
21198/zz0008zzhg	local	679	
21198/zz0008zzsm	local	687	
21198/zz0008zzqk	local	685	
21198/zz0008zzvn	local	689	
21198/zz0008zzp2	local	684	
21198/zz000900qx	local	712	
21198/zz00090112	local	721	
21198/zz0009012k	local	722	
21198/zz000900x1	local	719	
21198/zz002jz26b	mp4	21198-zz002jz26b	
21198/zz002jz27v	mp4	21198-zz002jz27v	
21198/zz002k7pb3	mp4	21198-zz002k7pb3	
21198/zz002k7php	mp4	21198-zz002k7php	
21198/zz000s9jt1	OPAC	6102370	
21198/zz000j6wq2	OPAC	2722988	
21198/zz0015vsb8	OPAC	964600	
21198/zz000rwrqk	OPAC	4433051	
21198/zz000rwrnj	OPAC	4433051	
21198/zz000rws06	OPAC	4433051	
21198/zz0009frjs	OPAC	5351380	
21198/zz0009ghrz	OPAC	5401097	
21198/zz000j4416	OPAC	2723091	
21198/zz000j6wn1	OPAC	2722988	
21198/zz000j3xmn	OPAC	1470586	
21198/zz000rtrd1	OPAC	3222601	
21198/zz000j43pj	OPAC	2723091	
21198/zz00097zr3	OPAC	3222602	
21198/zz000rt4s1	OPAC	1217825	
21198/zz000rtgb4	OPAC	1217913	
21198/zz0009808s	OPAC	2221049	
21198/zz00099r4s	OPAC	5375188	
21198/zz0009fp4m	OPAC	3467249	
21198/zz0009f54c	OPAC	4234012	
21198/zz00099h90	OPAC	4436663	
21198/zz0009dbh1	OPAC	4232670	
21198/zz0009dbjj	OPAC	4663018	
21198/zz0009dcfg	OPAC	4663035	
21198/zz0009dd07	OPAC	4432944	
21198/zz0009ddfz	OPAC	4432947	
21198/zz0009dcm2	OPAC	4233092	
21198/zz00099r6t	OPAC	5375210	
21198/zz0009ck69	OPAC	4663020	
21198/zz0008z8b7	OPAC	709584	
21198/zz0008zdcp	OPAC	2221116	
21198/zz0008zdj8	OPAC	2976706	
21198/zz0008zfbn	OPAC	1721001	
21198/zz0008z8d8	OPAC	462319	
21198/zz0008z8qx	OPAC	462227	
21198/zz0008z8rf	OPAC	2221440	
21198/zz0008zjcm	OPAC	4233532	
21198/zz0008zf8m	OPAC	3649261	
21198/zz0008zjqs	OPAC	964611	
21198/zz0008zkmq	OPAC	964287	
21198/zz0008zbmb	OPAC	462340	
21198/zz0008zfqb	OPAC	2221406	
21198/zz0008zpw9	OPAC	4233329	
21198/zz0008zmkp	OPAC	4233946	
21198/zz0008z9rx	OPAC	2221412	
21198/zz0008zkh5	OPAC	4233737	
21198/zz0008zh72	OPAC	4234033	
21198/zz0008zjzd	OPAC	1470602	
21198/zz0008zmfm	OPAC	964613	
21198/zz0008ztbz	OPAC	462203	
21198/zz0008ztvq	OPAC	2221118	
21198/zz0008zbg8	OPAC	964608	
21198/zz0008zh93	OPAC	709467	
21198/zz0008z7br	OPAC	2221007	
21198/zz0008zp5f	OPAC	2470302	
21198/zz0008zn2d	OPAC	1470746	
21198/zz0008znh4	OPAC	2722746	
21198/zz0008zqh3	OPAC	1217858	
21198/zz0008zqn5	OPAC	462196	
21198/zz0008zsh2	OPAC	4233646	
21198/zz0008zsx8	OPAC	4233550	
21198/zz0008zt0s	OPAC	4233122	
21198/zz0008z8nw	OPAC	1217916	
21198/zz0008zv5v	OPAC	2723030	
21198/zz0008zdhr	OPAC	1972960	
21198/zz0008ztr5	OPAC	1973006	
21198/zz0008znf3	OPAC	1470667	
21198/zz0008zhrt	OPAC	1973099	
21198/zz0008zjp8	OPAC	709410	
21198/zz0009061g	OPAC	1470612	
21198/zz00090641	OPAC	2722734	
21198/zz0008zc0h	OPAC	3649255	
21198/zz0008zc74	OPAC	2221342	
21198/zz0008zghq	OPAC	2221374	
21198/zz0008zgvw	OPAC	3222193	
21198/zz0008zh30	OPAC	3467160	
21198/zz0008zhgp	OPAC	4233848	
21198/zz0008zj61	OPAC	4233223	
21198/zz0008zkf4	OPAC	4233244	
21198/zz0008zkgn	OPAC	964547	
21198/zz0008zkq8	OPAC	1470672	
21198/zz0008zmr8	OPAC	964597	
21198/zz0008zn5z	OPAC	2221332	
21198/zz0008zs9z	OPAC	4233470	
21198/zz0008ztd0	OPAC	1217926	
21198/zz00090421	OPAC	462155	
21198/zz0008zdxz	OPAC	3222407	
21198/zz0008zrvr	OPAC	4233826	
21198/zz0008zm1d	OPAC	462287	
21198/zz0008zphm	OPAC	4233746	
21198/zz0008zq5x	OPAC	4233994	
21198/zz0008zmj5	OPAC	4233849	
21198/zz0008zmxv	OPAC	2470452	
21198/zz0008z7c8	OPAC	964166	
21198/zz0008z7jv	OPAC	2976802	
21198/zz0008zch8	OPAC	1720732	
21198/zz0008zcjs	OPAC	1217979	
21198/zz0008zcdq	OPAC	964599	
21198/zz0008zd00	OPAC	1470684	
21198/zz00152b6m	OPAC	4433051	
21198/zz001633hr	OPAC	2221430	
21198/zz0015wcsn	OPAC	5232953	
21198/zz0008zdsw	local	243	
21198/zz0008z8wh	local	138	
21198/zz0008zb01	local	169	
21198/zz0008zfn9	local	267	
21198/zz0008zfwx	local	273	
21198/zz0008zg41	local	28	
21198/zz0008zx07	local	639	
21198/zz000905jr	local	S026	
21198/zz000905k8	local	S027	
21198/zz000905ms	local	S028	
21198/zz0015xbxp	local	653	
21198/zz0015xdw4	local	219	
21198/zz0015vqx3	local	624	
21198/zz0008zgg6	local	289	
21198/zz0008z9h9	local	154	
21198/zz0008z9w0	local	166	
21198/zz0008zt9f	local	56	
21198/zz0008ztvq	local	581	
21198/zz0008zv8d	local	592	
21198/zz0008zvs5	local	605	
21198/zz0008zw8w	local	618	
21198/zz0008zpj4	local	446	
21198/zz0008z7br	local	630	
21198/zz0008zp5f	local	436	
21198/zz0008zrsq	local	505	
21198/zz0008zt4v	local	541	
21198/zz0008zq3w	local	460	
21198/zz0008zsn4	local	529	
21198/zz0008z7qf	local	107	
21198/zz0008zsbg	local	52	
21198/zz000904j8	local	96	
21198/zz0008zjb3	local	336	
21198/zz0008ztt6	local	580	
21198/zz0008zqmn	local	474	
21198/zz0008zmb2	local	389	
21198/zz0008zmnq	local	397	
21198/zz0008zn0c	local	405	
21198/zz0008zqdj	local	469	
21198/zz0008z92k	local	142	
21198/zz0008z9tz	local	164	
21198/zz0008zjd4	local	338	
21198/zz0008zk92	local	361	
21198/zz00090620	local	S041	
21198/zz0009063h	local	S042	
21198/zz0008zqws	local	481	
21198/zz0008zs5w	local	515	
21198/zz0008z7f9	local	10	
21198/zz0008z7gt	local	100	
21198/zz0008zcbp	local	204	
21198/zz000902j9	local	762	
21198/zz0008zgtc	local	298	
21198/zz0008zh4h	local	304	
21198/zz0008zj61	local	332	
21198/zz0008zk50	local	358	
21198/zz0008zmck	local	39	
21198/zz0008zmqr	local	399	
21198/zz0008zmr8	local	4	
21198/zz0008zhq9	local	32	
21198/zz0008zrqp	local	503	
21198/zz0008zrw8	local	508	
21198/zz0008zs9z	local	519	
21198/zz0008zspn	local	53	
21198/zz0008zt7d	local	544	
21198/zz0008zwt5	local	634	
21198/zz0008zwvp	local	635	
21198/zz0008zx28	local	640	
21198/zz0009009q	local	70	
21198/zz000902b6	local	756	
21198/zz0009032j	local	776	
21198/zz00090353	local	779	
21198/zz000903rw	local	794	
21198/zz0009041h	local	82	
21198/zz000904fq	local	93	
21198/zz0008zz17	local	666	
21198/zz0008zn3x	local	408	
21198/zz0008zpqq	local	450	
21198/zz0008znn6	local	422	
21198/zz0008znpq	local	423	
21198/zz0008z7rz	local	108	
21198/zz0008zd9n	local	230	
21198/zz0008z8sz	local	135	
21198/zz0008z8tg	local	136	
21198/zz000x6d1h	local	733	
21198/zz0008zcjs	local	21	
21198/zz0008zbvz	local	192	
21198/zz0008z7z2	local	113	
21198/zz0008zd00	local	222	
21198/zz000900ht	local	705	
21198/zz00090002	local	692	
21198/zz0009001k	local	693	
21198/zz000900d8	local	702	
21198/zz002jxzdj	mp4	21198-zz002jxzdj	
21198/zz002jxzh3	mp4	21198-zz002jxzh3	
21198/zz002jxzn5	mp4	21198-zz002jxzn5	
21198/zz002jxzrq	mp4	21198-zz002jxzrq	
21198/zz002k7p82	mp4	21198-zz002k7p82	
21198/zz002jxzq6	mp4	21198-zz002jxzq6	
21198/zz0015vsd9	OPAC	1470668	
21198/zz0015vsft	OPAC	4233651	
21198/zz000rws69	OPAC	4433051	
21198/zz000rws1q	OPAC	4433051	
21198/zz000rwrsm	OPAC	4433051	
21198/zz000j43tm	OPAC	2723091	
21198/zz00097xwp	OPAC	5047722	
21198/zz0009htzv	OPAC	4432948	
21198/zz0009hv0v	OPAC	5230425	
21198/zz0009dgwn	OPAC	4663040	
21198/zz0009jc6n	OPAC	4433116	
21198/zz0009jh10	OPAC	4857415	
21198/zz0009jc4m	OPAC	4433116	
21198/zz0009hv1c	OPAC	5302340	
21198/zz0009jc54	OPAC	4433116	
21198/zz0009jc33	OPAC	4433116	
21198/zz00099h7z	OPAC	5263594	
21198/zz0009dbmk	OPAC	4432937	
21198/zz0009dcdz	OPAC	4432938	
21198/zz0009ddgg	OPAC	4663037	
21198/zz0009dbv6	OPAC	4436812	
21198/zz0009dggf	OPAC	4233368	
21198/zz000990b8	OPAC	4236184	
21198/zz00098tzq	OPAC	5351355	
21198/zz00099hc1	OPAC	5375226	
21198/zz0008zcnb	OPAC	2470341	
21198/zz0008zdrc	OPAC	3222185	
21198/zz0008zdfq	OPAC	2221353	
21198/zz0008zdpb	OPAC	462321	
21198/zz000j3xk4	OPAC	1470586	
21198/zz0008zb3k	OPAC	2722865	
21198/zz0008zff6	OPAC	2976684	
21198/zz0008zfpt	OPAC	1217847	
21198/zz0008zftw	OPAC	1973107	
21198/zz0008zbrd	OPAC	1972978	
21198/zz0008zgcn	OPAC	1972928	
21198/zz0008z9h9	OPAC	1972950	
21198/zz0008zc11	OPAC	2221115	
21198/zz0008zsmm	OPAC	4230419	
21198/zz0008zq3w	OPAC	1973066	
21198/zz0008zqpp	OPAC	2221100	
21198/zz0008zqq6	OPAC	462308	
21198/zz0008zrb0	OPAC	1217956	
21198/zz0008zsrp	OPAC	4233309	
21198/zz0008zswr	OPAC	4233554	
21198/zz0008zt6w	OPAC	4233974	
21198/zz0008z8jb	OPAC	2722983	
21198/zz0008ztcg	OPAC	462268	
21198/zz0008ztfh	OPAC	709386	
21198/zz0008ztp4	OPAC	1720569	
21198/zz0008z9f8	OPAC	1720709	
21198/zz0008zfxf	OPAC	709352	
21198/zz0008zr3c	OPAC	4234050	
21198/zz0008z933	OPAC	709524	
21198/zz0009065j	OPAC	2470431	
21198/zz000901qd	OPAC	964579	
21198/zz0008zgrb	OPAC	1470590	
21198/zz0008znjn	OPAC	1720527	
21198/zz0008zpfk	OPAC	462131	
21198/zz0008zrw8	OPAC	4233308	
21198/zz0008zt8x	OPAC	1470683	
21198/zz0009045k	OPAC	1720473	
21198/zz0009049n	OPAC	1973077	
21198/zz000904hr	OPAC	2220994	
21198/zz0008zh51	OPAC	1720518	
21198/zz0008znrr	OPAC	4233975	
21198/zz0008zm2x	OPAC	4233138	
21198/zz0008zpnp	OPAC	3222415	
21198/zz0008znpq	OPAC	4233800	
21198/zz0008zmm6	OPAC	2470464	
21198/zz0008zm4z	OPAC	2723002	
21198/zz0008z7rz	OPAC	2470260	
21198/zz0008z8sz	OPAC	3649378	
21198/zz0008z7hb	OPAC	1973011	
21198/zz0008zcgr	OPAC	1720402	
21198/zz0008zcmt	OPAC	2221352	
21198/zz0008zb43	OPAC	1720594	
21198/zz0008zd7m	OPAC	2723138	
21198/zz0015tr47	OPAC	1217920	
21198/zz0015wc0r	OPAC	4663022	
21198/zz0015wm46	OPAC	4436807	
21198/zz0027dkkc	oclc	857855916	
21198/zz000rtg9m	callNo	1217913	
21198/zz0015vc4c	local	84	
21198/zz0008zfms	local	266	
21198/zz0008z8ht	local	128	
21198/zz0008z9bq	local	15	
21198/zz0008zb22	local	170	
21198/zz0008zb3k	local	171	
21198/zz0008zb9p	local	178	
21198/zz0008zkmq	local	37	
21198/zz0008zfpt	local	268	
21198/zz0008zpw9	local	455	
21198/zz0008zqf2	local	47	
21198/zz0008zqv8	local	480	
21198/zz0008zbqw	local	189	
21198/zz0008zgb4	local	285	
21198/zz0008zgfp	local	288	
21198/zz0008zx3s	local	641	
21198/zz000905pt	local	S030	
21198/zz000902rd	local	768	
21198/zz0008zkdm	local	364	
21198/zz0008zc11	local	197	
21198/zz0008zjwc	local	350	
21198/zz0008zk8j	local	360	
21198/zz0008zqrq	local	478	
21198/zz0008ztcg	local	569	
21198/zz0008zvtp	local	606	
21198/zz0008zwcf	local	620	
21198/zz0008zw7c	local	617	
21198/zz0008zvcz	local	595	
21198/zz0008zbkt	local	185	
21198/zz0008zstq	local	533	
21198/zz0008zn2d	local	407	
21198/zz0008znh4	local	419	
21198/zz0008zqn5	local	475	
21198/zz0008zr8z	local	491	
21198/zz0008zrhk	local	499	
21198/zz0008zs4c	local	514	
21198/zz0008zswr	local	535	
21198/zz0008zsx8	local	536	
21198/zz0008zt3b	local	540	
21198/zz000901bq	local	73	
21198/zz0008ztsp	local	58	
21198/zz0008z9z1	local	168	
21198/zz0008ztg1	local	571	
21198/zz0008ztp4	local	577	
21198/zz0008zmg4	local	392	
21198/zz0008zhk7	local	316	
21198/zz0008zrg2	local	498	
21198/zz0008zs6d	local	516	
21198/zz0008znc2	local	415	
21198/zz0008zj7j	local	333	
21198/zz0008zj82	local	334	
21198/zz0008zpb1	local	440	
21198/zz0008zdvx	local	245	
21198/zz0008zrp5	local	502	
21198/zz0008zk6h	local	359	
21198/zz000905zz	local	S038	
21198/zz0008zx8c	local	646	
21198/zz000901qd	local	74	
21198/zz0008zh2g	local	302	
21198/zz0008zh6j	local	306	
21198/zz0008zhf5	local	312	
21198/zz0008zjg5	local	34	
21198/zz0008zkf4	local	365	
21198/zz0008zrr6	local	504	
21198/zz0008zrxs	local	509	
21198/zz0008zt8x	local	55	
21198/zz0008zvk2	local	60	
21198/zz0008zwxq	local	637	
21198/zz0008zxdf	local	65	
21198/zz0008zz59	local	67	
21198/zz000900sz	local	714	
21198/zz0009029p	local	755	
21198/zz000902nv	local	765	
21198/zz000902wg	local	771	
21198/zz0009034k	local	778	
21198/zz00090374	local	780	
21198/zz0009038n	local	781	
21198/zz000903k9	local	79	
21198/zz000903z0	local	80	
21198/zz000904ks	local	97	
21198/zz000904nt	local	99	
21198/zz0008zgns	local	293	
21198/zz0008zrd1	local	495	
21198/zz0008zphm	local	445	
21198/zz0008zq5x	local	462	
21198/zz0008zpzb	local	457	
21198/zz0008zszs	local	537	
21198/zz0008zndk	local	416	
21198/zz0008zm60	local	385	
21198/zz0008zbnv	local	187	
21198/zz0008zcqc	local	214	
21198/zz0008zc4k	local	2	
21198/zz0008z7sg	local	109	
21198/zz0008zd84	local	23	
21198/zz0008zdb5	local	231	
21198/zz0015xc06	local	655	
21198/zz0008zzcd	local	675	
21198/zz00090023	local	694	
21198/zz0008zzt4	local	688	
21198/zz00090044	local	696	
21198/zz00090175	local	727	
21198/zz000901mv	local	737	
21198/zz002jxzc1	mp4	21198-zz002jxzc1	
21198/zz002jxzpp	mp4	21198-zz002jxzpp	
21198/zz002jz07w	mp4	21198-zz002jz07w	
21198/zz002jz25t	mp4	21198-zz002jz25t	
21198/zz002jz28c	mp4	21198-zz002jz28c	
21198/zz002jz08d	mp4	21198-zz002jz08d	
21198/zz0013zgs5	OPAC	2723063	
21198/zz000j3xn5	OPAC	1470586	
21198/zz000rws27	OPAC	4433051	
21198/zz000rwrvn	OPAC	4433051	
21198/zz000rwrz6	OPAC	4433051	
21198/zz00097zqk	OPAC	3222602	
21198/zz000rtfsc	OPAC	1217913	
21198/zz00175s83	OPAC	462190	
21198/zz000rtfvd	OPAC	1217913	
21198/zz000j43n1	OPAC	2723091	
21198/zz000j43x5	OPAC	2723091	
21198/zz000rtfzz	OPAC	1217913	
21198/zz000j442q	OPAC	2723091	
21198/zz0009910k	OPAC	4433054	
21198/zz0009jfvf	OPAC	4663034	
21198/zz0009hts8	OPAC	5232955	
21198/zz0009dgx5	OPAC	4233647	
21198/zz00099h6f	OPAC	4236836	
21198/zz0009dbq4	OPAC	4432935	
21198/zz0009dbpm	OPAC	4663024	
21198/zz0009dcj1	OPAC	4432936	
21198/zz0009dcz7	OPAC	4233167	
21198/zz0009dgrk	OPAC	4663032	
21198/zz0009dckj	OPAC	4237318	
21198/zz0009dgcw	OPAC	4663041	
21198/zz0009cjkh	OPAC	4230408	
21198/zz0009cm58	OPAC	4432950	
21198/zz000990v1	OPAC	4436662	
21198/zz0009cm4r	OPAC	4663023	
21198/zz00098x4r	OPAC	4236119	
21198/zz00098x6s	OPAC	4433074	
21198/zz00098x79	OPAC	4433075	
21198/zz00097q0b	OPAC	5331680	
21198/zz00096p6h	OPAC	4433115	
21198/zz0008z844	OPAC	462258	
21198/zz0008z865	OPAC	2722956	
21198/zz0008z87p	OPAC	709572	
21198/zz0008zdm9	OPAC	1470494	
21198/zz0008zdsw	OPAC	1720480	
21198/zz0008zdwf	OPAC	3222183	
21198/zz0008z8fs	OPAC	3222542	
21198/zz0008zf2h	OPAC	2221320	
21198/zz0008zb7n	OPAC	2976670	
21198/zz0008zb9p	OPAC	2220990	
21198/zz0008zbpc	OPAC	4233963	
21198/zz0008zg1g	OPAC	2976762	
21198/zz0008zg41	OPAC	709450	
21198/zz000905jr	OPAC	709375	
21198/zz00178h0f	OPAC	1217913	
21198/zz0008zkjp	OPAC	3222539	
21198/zz0008znbj	OPAC	4234015	
21198/zz0008zpj4	OPAC	1470731	
21198/zz0008zkvb	OPAC	1217931	
21198/zz0008zrsq	OPAC	2221080	
21198/zz0008zrt7	OPAC	2221372	
21198/zz0008zstq	OPAC	4233525	
21198/zz0008zmzc	OPAC	1217975	
21198/zz0008zp1c	OPAC	1720496	
21198/zz0008zqgk	OPAC	4233757	
21198/zz0008zsjk	OPAC	4233055	
21198/zz0008zd5k	OPAC	709496	
21198/zz0008z81k	OPAC	1218059	
21198/zz0008zp9h	OPAC	1720758	
21198/zz0008zg62	OPAC	1973106	
21198/zz0008ztg1	OPAC	709580	
21198/zz0008ztj2	OPAC	964571	
21198/zz0008zmg4	OPAC	2221414	
21198/zz0008zhk7	OPAC	964530	
21198/zz0008zmwb	OPAC	964486	
21198/zz0008zpd2	OPAC	3649281	
21198/zz0008z92k	OPAC	709360	
21198/zz0008zqdj	OPAC	4232994	
21198/zz0008z90j	OPAC	462200	
21198/zz0008zk4g	OPAC	964513	
21198/zz0008zc8n	OPAC	1470534	
21198/zz0008zc95	OPAC	462352	
21198/zz0008zgqt	OPAC	1972966	
21198/zz0008zgsv	OPAC	2221486	
21198/zz0008zgtc	OPAC	4233327	
21198/zz0008zgxx	OPAC	1973008	
21198/zz0008zh6j	OPAC	4233343	
21198/zz0008zjkq	OPAC	462257	
21198/zz0008zk50	OPAC	1470600	
21198/zz0008zkwv	OPAC	1720391	
21198/zz0008zmd3	OPAC	4233258	
21198/zz0008znk5	OPAC	1470617	
21198/zz0008znxb	OPAC	1217909	
21198/zz0008zq2c	OPAC	2470288	
21198/zz0008zqtr	OPAC	1218080	
21198/zz0008zs09	OPAC	4233159	
21198/zz0008zs8f	OPAC	4233121	
21198/zz0008zzj0	OPAC	964639	
21198/zz000903xg	OPAC	462174	
21198/zz0008zn3x	OPAC	2976920	
21198/zz0008zpkn	OPAC	1972975	
21198/zz0008zrd1	OPAC	4234004	
21198/zz0008zpqq	OPAC	4233113	
21198/zz0008zmhn	OPAC	462221	
21198/zz0008znn6	OPAC	4233131	
21198/zz0008zp7g	OPAC	1470464	
21198/zz0008zqs7	OPAC	1218073	
21198/zz0008zbnv	OPAC	709523	
21198/zz0008zcbp	OPAC	3467197	
21198/zz0008zbtf	OPAC	2723053	
21198/zz0008zbvz	OPAC	1217960	
21198/zz0008zc32	OPAC	3467223	
21198/zz0008z7z2	OPAC	3649312	
21198/zz0008zd42	OPAC	3649266	
21198/zz0008zd84	OPAC	2976869	
21198/zz0015vgm2	OPAC	1973128	
21198/zz00152bbp	OPAC	4433051	
21198/zz0015wm3p	OPAC	4436810	
21198/zz0015xdw4	OPAC	4233922	
21198/zz00162xkx	OPAC	964167	
21198/zz0008zj1f	oclc	36836826	
21198/zz002kpzgv	callNo	050120231200	
21198/zz0015vscs	local	444	
21198/zz0015vsd9	local	435	
21198/zz000nmdd8	local	176	
21198/zz0008z8d8	local	125	
21198/zz0008z8g9	local	127	
21198/zz0008z8kv	local	13	
21198/zz0008z8v0	local	137	
21198/zz0008zf52	local	254	
21198/zz0008zb64	local	174	
21198/zz0008zfrv	local	27	
21198/zz0008zfsc	local	270	
21198/zz0008zqk4	local	473	
21198/zz0008zg1g	local	277	
21198/zz0008zg9m	local	284	
21198/zz000905rv	local	S032	
21198/zz000905vd	local	S035	
21198/zz000902pc	local	766	
21198/zz0008zxwp	local	662	
21198/zz0008zkrs	local	373	
21198/zz0008zhzx	local	326	
21198/zz0008zj0x	local	327	
21198/zz0008zh72	local	307	
21198/zz0008zhtv	local	322	
21198/zz0008zs2b	local	512	
21198/zz0008zv7w	local	591	
21198/zz0008zvrn	local	604	
21198/zz0008zw18	local	611	
21198/zz0008zwg0	local	623	
21198/zz0008zw2s	local	612	
21198/zz0008zpvs	local	454	
21198/zz0008zwqm	local	631	
21198/zz0008zp1c	local	432	
21198/zz0008zq1v	local	459	
21198/zz0008zqgk	local	470	
21198/zz0008zqh3	local	471	
21198/zz0008zr2v	local	486	
21198/zz0008zr9g	local	492	
21198/zz0008zs7x	local	517	
21198/zz0008zsrp	local	531	
21198/zz0008zt5c	local	542	
21198/zz0008zm0w	local	38	
21198/zz0008zt2t	local	54	
21198/zz0008zzw5	local	69	
21198/zz0008zg62	local	281	
21198/zz0008zj2z	local	329	
21198/zz0008zj5h	local	331	
21198/zz0008z9dr	local	151	
21198/zz0008z9sf	local	163	
21198/zz0008z975	local	147	
21198/zz0008zj9k	local	335	
21198/zz0008zjm7	local	343	
21198/zz00090662	local	S045	
21198/zz000906d5	local	S052	
21198/zz0008zr5d	local	489	
21198/zz0008zc95	local	203	
21198/zz0008zxfz	local	650	
21198/zz000900nw	local	71	
21198/zz00090222	local	749	
21198/zz0008zgm8	local	292	
21198/zz0008zgp9	local	294	
21198/zz0008zhbm	local	31	
21198/zz0008zhgp	local	313	
21198/zz0008zhn8	local	318	
21198/zz0008zhvc	local	323	
21198/zz0008zjhp	local	340	
21198/zz0008zm3f	local	382	
21198/zz0008znmp	local	421	
21198/zz0008znq7	local	424	
21198/zz0008zq2c	local	46	
21198/zz0008zr1b	local	485	
21198/zz0008zrkm	local	50	
21198/zz000902g8	local	760	
21198/zz00090332	local	777	
21198/zz0009027n	local	753	
21198/zz000903dq	local	785	
21198/zz000903sd	local	795	
21198/zz00090463	local	87	
21198/zz000904cp	local	91	
21198/zz0008zxzq	local	664	
21198/zz000901jt	local	735	
21198/zz000901sf	local	741	
21198/zz0008zdxz	local	247	
21198/zz0008zm1d	local	380	
21198/zz0008zpkn	local	447	
21198/zz0008zm9j	local	388	
21198/zz0008znts	local	427	
21198/zz0008zqs7	local	479	
21198/zz0008zngm	local	418	
21198/zz000906fp	local	S053	
21198/zz000906kr	local	S057	
21198/zz0008zb43	local	172	
21198/zz0008z7jv	local	102	
21198/zz0008z7nd	local	105	
21198/zz0008z7px	local	106	
21198/zz0008zcc6	local	205	
21198/zz0008zcsd	local	216	
21198/zz0008z7vh	local	110	
21198/zz0008zd1h	local	223	
21198/zz0008zd42	local	226	
21198/zz0008zd7m	local	229	
21198/zz0015z6wp	local	770	
21198/zz00162wt2	local	12	
21198/zz0008zzgz	local	678	
21198/zz0008zz6t	local	670	
21198/zz0008zz7b	local	671	
21198/zz000900b7	local	700	
21198/zz000900mc	local	709	
21198/zz000900pd	local	711	
21198/zz0009016n	local	726	
21198/zz002jxzgk	mp4	21198-zz002jxzgk	
21198/zz002jxz8g	mp4	21198-zz002jxz8g	
21198/zz002k7pg5	mp4	21198-zz002k7pg5	
21198/zz002k7p61	mp4	21198-zz002k7p61	
21198/zz002jz2bd	mp4	21198-zz002jz2bd	
21198/zz000980bt	OPAC	2221049	
21198/zz000j3xq6	OPAC	1470586	
21198/zz000j43k0	OPAC	2723091	
21198/zz000rwrr3	OPAC	4433051	
21198/zz000rws7t	OPAC	4433051	
21198/zz000rwrxp	OPAC	4433051	
21198/zz000j3xpp	OPAC	1470586	
21198/zz00097zsm	OPAC	3222602	
21198/zz000rtfpt	OPAC	1217913	
21198/zz000rtfrv	OPAC	1217913	
21198/zz000rtg0z	OPAC	1217913	
21198/zz000rtgd5	OPAC	1217913	
21198/zz000rtftw	OPAC	1217913	
21198/zz000rtg3h	OPAC	1217913	
21198/zz000rtgfp	OPAC	1217913	
21198/zz000j43zp	OPAC	2723091	
21198/zz000rtfqb	OPAC	1217913	
21198/zz000rtfxf	OPAC	1217913	
21198/zz00098099	OPAC	2221049	
21198/zz000j43gf	OPAC	2723091	
21198/zz000j43q2	OPAC	2723091	
21198/zz00099qjh	OPAC	5375215	
21198/zz0009hw0b	OPAC	4237005	
21198/zz0009f59z	OPAC	4432943	
21198/zz0009jc12	OPAC	4433116	
21198/zz0009jdtf	OPAC	4433116	
21198/zz0009jc2k	OPAC	4433116	
21198/zz0009g00b	OPAC	5752159	
21198/zz0009f55w	OPAC	4237003	
21198/zz0009f4vr	OPAC	4663021	
21198/zz00099h8g	OPAC	5263596	
21198/zz0009dgtm	OPAC	4663031	
21198/zz00097q3w	OPAC	5644665	
21198/zz00097xfz	OPAC	4787486	
21198/zz00097znj	OPAC	5644672	
21198/zz00098x58	OPAC	4433072	
21198/zz0009909r	OPAC	4433515	
21198/zz000990x2	OPAC	5263590	
21198/zz000991br	OPAC	4236852	
21198/zz0009chzq	OPAC	4432949	
21198/zz0008z823	OPAC	2976939	
21198/zz0008z8wh	OPAC	3222355	
21198/zz0008zf4j	OPAC	1973069	
21198/zz0008zfc5	OPAC	2221416	
21198/zz0008zbb6	OPAC	1720413	
21198/zz0008zg83	OPAC	2976666	
21198/zz0008zgb4	OPAC	462172	
21198/zz0008zks9	OPAC	4233132	
21198/zz0008zk1x	OPAC	4233304	
21198/zz0008zt9f	OPAC	3222434	
21198/zz0008ztw7	OPAC	2221123	
21198/zz0008zbkt	OPAC	2723036	
21198/zz0008zr4w	OPAC	1217799	
21198/zz0008zrfj	OPAC	462136	
21198/zz0008zhc4	OPAC	1470423	
21198/zz0008zwqm	OPAC	3649334	
21198/zz0008zn4f	OPAC	1973070	
21198/zz0008zq4d	OPAC	1470673	
21198/zz0008zq7z	OPAC	709509	
21198/zz0008zs3v	OPAC	1720495	
21198/zz0008ztnm	OPAC	1720525	
21198/zz0008zv08	OPAC	3222349	
21198/zz0008zq6f	OPAC	4233702	
21198/zz0008zq0b	OPAC	4230424	
21198/zz0008znts	OPAC	4233445	
21198/zz0008z9sf	OPAC	2497058	
21198/zz0008z9tz	OPAC	2976870	
21198/zz0008zqx9	OPAC	4234030	
21198/zz0008zqzt	OPAC	4233313	
21198/zz0008z94m	OPAC	709538	
21198/zz0008z996	OPAC	1218030	
21198/zz0008zj9k	OPAC	709586	
21198/zz0008zk6h	OPAC	1470597	
21198/zz0008zqws	OPAC	4233956	
21198/zz0008zh2g	OPAC	4233771	
21198/zz0008zj1f	OPAC	1217835	
21198/zz0008zj3g	OPAC	3467242	
21198/zz0008zjg5	OPAC	709537	
21198/zz0008zjnr	OPAC	1218081	
21198/zz0008zqc1	OPAC	4233226	
21198/zz0008zrz9	OPAC	709434	
21198/zz0008zxdf	OPAC	1470435	
21198/zz0009009q	OPAC	462261	
21198/zz000904g7	OPAC	3649330	
21198/zz0008zndk	OPAC	462130	
21198/zz0008zpcj	OPAC	1973075	
21198/zz0008zd9n	OPAC	709456	
21198/zz0008z7mw	OPAC	1720739	
21198/zz0008z7sg	OPAC	1217853	
21198/zz0008z7t0	OPAC	3222194	
21198/zz00152b4k	OPAC	709570	
21198/zz00162wt2	OPAC	2722956	
21198/zz00097z17	OPAC	4433158	
21198/zz0008z886	local	121	
21198/zz0008z89q	local	122	
21198/zz0008z8b7	local	123	
21198/zz0008zdj8	local	237	
21198/zz0008zfbn	local	259	
21198/zz0008zjcm	local	337	
21198/zz0008z8zj	local	14	
21198/zz0008zf8m	local	257	
21198/zz0008zfgq	local	262	
21198/zz0008zfh7	local	263	
21198/zz0008zjr9	local	347	
21198/zz0008zbsx	local	190	
21198/zz0008zg0z	local	276	
21198/zz0008zg20	local	278	
21198/zz000905wx	local	S036	
21198/zz000905xf	local	S037	
21198/zz0015xbz6	local	654	
21198/zz0008zgj7	local	290	
21198/zz0008zgkr	local	291	
21198/zz000902qw	local	767	
21198/zz000902sx	local	769	
21198/zz0008z9nc	local	159	
21198/zz0008zktt	local	375	
21198/zz0008zsmm	local	528	
21198/zz0008zv9x	local	593	
21198/zz0008zv1s	local	586	
21198/zz0008zv29	local	587	
21198/zz0008zvv6	local	607	
21198/zz0008zw5b	local	615	
21198/zz0008zw9d	local	619	
21198/zz0008zw39	local	613	
21198/zz0008zbg8	local	182	
21198/zz0008zbhs	local	183	
21198/zz0008zrfj	local	496	
21198/zz0008zss6	local	532	
21198/zz0008zq7z	local	464	
21198/zz0008zqq6	local	477	
21198/zz0008zrch	local	494	
21198/zz0008zs3v	local	513	
21198/zz0008zsc0	local	520	
21198/zz0008zt6w	local	543	
21198/zz0008zd5k	local	227	
21198/zz0008zvzr	local	61	
21198/zz0008zp9h	local	44	
21198/zz0008ztz8	local	584	
21198/zz0008zp80	local	439	
21198/zz0008zhmr	local	317	
21198/zz0008zhps	local	319	
21198/zz0008zq6f	local	463	
21198/zz0008zmvt	local	401	
21198/zz0008zpd2	local	442	
21198/zz0008znwt	local	429	
21198/zz0008z90j	local	140	
21198/zz0008zqjm	local	472	
21198/zz0008zr0t	local	484	
21198/zz0008zr3c	local	487	
21198/zz0008z96n	local	146	
21198/zz0008z9c7	local	150	
21198/zz0008zkc3	local	363	
21198/zz0008zjfn	local	339	
21198/zz0008zjj6	local	341	
21198/zz000906b4	local	S050	
21198/zz0008zbx0	local	194	
21198/zz0008zbzh	local	195	
21198/zz0008zc6m	local	200	
21198/zz0008zghq	local	29	
21198/zz0008zh1z	local	301	
21198/zz0008zj1f	local	328	
21198/zz0008zj40	local	330	
21198/zz0008zk71	local	36	
21198/zz0008zkxc	local	378	
21198/zz0008zm5g	local	384	
21198/zz0008zpfk	local	443	
21198/zz0008zww6	local	636	
21198/zz00090264	local	752	
21198/zz000902x0	local	772	
21198/zz000903qc	local	793	
21198/zz000903vf	local	797	
21198/zz0009047m	local	88	
21198/zz0008znzv	local	430	
21198/zz0008zmt9	local	400	
21198/zz0008zn1w	local	406	
21198/zz0008zsdh	local	522	
21198/zz000906hq	local	S055	
21198/zz0008z7c8	local	76	
21198/zz000xcm25	local	748	
21198/zz0008zd21	local	224	
21198/zz001633hr	local	301	
21198/zz0015z3fh	local	773	
21198/zz0015vc5w	local	272	
21198/zz0008zxx6	local	663	
21198/zz0008zz8v	local	672	
21198/zz0008zzr3	local	686	
21198/zz000900jb	local	707	
21198/zz000900tg	local	716	
21198/zz00090154	local	725	
21198/zz00090196	local	729	
21198/zz000900wh	local	718	
21198/zz00090133	local	723	
21198/zz002jxzmn	mp4	21198-zz002jxzmn	
21198/zz002kfk26	mp4	21198-zz002kfk26	
21198/zz002k7pcm	mp4	21198-zz002k7pcm	
21198/zz002k7pfn	mp4	21198-zz002k7pfn	
21198/zz002jxzf2	mp4	21198-zz002jxzf2	
21198/zz000rwrm1	OPAC	4433051	
21198/zz0009fp2k	OPAC	3467249	
21198/zz000980cb	OPAC	2221049	
21198/zz000rtg62	OPAC	1217913	
21198/zz000rtgg6	OPAC	1217913	
21198/zz000991c8	OPAC	4236183	
21198/zz00099nwq	OPAC	5375219	
21198/zz00099pt5	OPAC	4237254	
21198/zz00099r7b	OPAC	5375209	
21198/zz0009f53v	OPAC	4432939	
21198/zz00099rr3	OPAC	5375200	
21198/zz0009g1d1	OPAC	4481296	
21198/zz0009f509	OPAC	4236917	
21198/zz00099hh3	OPAC	5375229	
21198/zz00099pqm	OPAC	4433512	
21198/zz0009dbn3	OPAC	5302343	
21198/zz0009dcxq	OPAC	4233149	
21198/zz0009dddf	OPAC	4237317	
21198/zz0009dgdd	OPAC	4237319	
21198/zz0009dgjg	OPAC	4237004	
21198/zz0009dgn1	OPAC	4663033	
21198/zz00097q1v	OPAC	5331678	
21198/zz00097q4d	OPAC	4433052	
21198/zz0009cn9t	OPAC	5232958	
21198/zz000990zk	OPAC	5015096	
21198/zz00099134	OPAC	5176367	
21198/zz00099176	OPAC	5176373	
21198/zz00099r59	OPAC	4668074	
21198/zz0008z89q	OPAC	2470312	
21198/zz0008zdb5	OPAC	2976923	
21198/zz0008zdtd	OPAC	2470481	
21198/zz0008zfms	OPAC	2221419	
21198/zz0008zfzz	OPAC	1720404	
21198/zz0008z8cr	OPAC	1217996	
21198/zz0008zqf2	OPAC	2723055	
21198/zz0008zbqw	OPAC	3649354	
21198/zz00178h30	OPAC	1470686	
21198/zz0008zk92	OPAC	462276	
21198/zz0008zkrs	OPAC	4233794	
21198/zz0008zktt	OPAC	4233390	
21198/zz0008zhtv	OPAC	4233687	
21198/zz0008zrp5	OPAC	4233185	
21198/zz0008zr2v	OPAC	3649386	
21198/zz0008ztsp	OPAC	709383	
21198/zz00090442	OPAC	1720454	
21198/zz0008zg5j	OPAC	2470439	
21198/zz0008ztqn	OPAC	1972922	
21198/zz0008ztxr	OPAC	2470422	
21198/zz0008zp80	OPAC	2976932	
21198/zz0008zqmn	OPAC	4233453	
21198/zz0008zj2z	OPAC	1470747	
21198/zz0008z9dr	OPAC	1218067	
21198/zz0008zqv8	OPAC	1720685	
21198/zz0008zbsx	OPAC	709500	
21198/zz0008zbwg	OPAC	1973001	
21198/zz0008zbzh	OPAC	2221420	
21198/zz0008zc2j	OPAC	1217872	
21198/zz00090222	OPAC	3467148	
21198/zz0009023k	OPAC	964536	
21198/zz0008zgp9	OPAC	1218040	
21198/zz0008zh4h	OPAC	1720397	
21198/zz0008zhbm	OPAC	2722738	
21198/zz0008zhf5	OPAC	462167	
21198/zz0008zj40	OPAC	4233403	
21198/zz0008zk0d	OPAC	1217932	
21198/zz0008zm5g	OPAC	1972995	
21198/zz0008znmp	OPAC	4233572	
21198/zz0008znv9	OPAC	3467153	
21198/zz0008zrxs	OPAC	4233013	
21198/zz0008zsk3	OPAC	4233165	
21198/zz0008zx1r	OPAC	1470442	
21198/zz000900zj	OPAC	2976829	
21198/zz0009047m	OPAC	1720398	
21198/zz000904fq	OPAC	1470730	
21198/zz000904m9	OPAC	1720453	
21198/zz000904nt	OPAC	3222218	
21198/zz0008zgns	OPAC	1972990	
21198/zz0008zn70	OPAC	4233269	
21198/zz0008zpm5	OPAC	1973133	
21198/zz0008zmt9	OPAC	709497	
21198/zz0008zsgj	OPAC	4233147	
21198/zz0008z797	OPAC	3649384	
21198/zz0008zcsd	OPAC	2470417	
21198/zz0008zctx	OPAC	2722788	
21198/zz0008zc4k	OPAC	1218122	
21198/zz0008z7px	OPAC	462178	
21198/zz0008z802	OPAC	709379	
21198/zz0008zd3j	OPAC	1720363	
21198/zz0015vc5w	OPAC	3467214	
21198/zz002kcqhz	OPAC	5047722	
