ARK	TYPE	VALUE	SOURCE
21198/zz0008z797		1913-1991	
21198/zz0008z7br		1952-	
21198/zz0008z7c8		1895-1980	
21198/zz0008z7ds		1879-1959	
21198/zz0008z7f9		1875-1966	
21198/zz0008z7gt		1906-	
21198/zz0008z7hb		1893-1974	
21198/zz0008z7jv		1897-1984	
21198/zz0008z7mw		1909-1979	
21198/zz0008z7nd		1905-1994	
21198/zz0008z7px		1904-1977	
21198/zz0008z7qf		1925-	
21198/zz0008z7rz		1909-1975	
21198/zz0008z7sg		1914-	
21198/zz0008z7t0		1897-1974	
21198/zz0008z7vh		1907-1986	
21198/zz0008z7xj		1916-	
21198/zz0008z7z2		1924-	
21198/zz0008z802		1888-1966	
21198/zz0008z81k		1893-1983	
21198/zz0008z823		1906-1992	
21198/zz0008z844		1917-1993	
21198/zz0008z87p		1905-1986	
21198/zz0008z886		1894-1979	
21198/zz0008z89q		1916-1994	
21198/zz0008z8b7		1915-1995	
21198/zz0008z8cr		1901-1991	
21198/zz0008z8d8		1901-1985	
21198/zz0008z8fs		1892-1972	
21198/zz0008z8g9		1891-1986	
21198/zz0008z8ht		1902-1986	
21198/zz0008z8jb		1905-1992	
21198/zz0008z8kv		1883-1963	
21198/zz0008z8mc		1914-1976	
21198/zz0008z8nw		1928-	
21198/zz0008z8pd		1889-1980	
21198/zz0008z8qx		1895-1986	
21198/zz0008z8rf		1900-1989	
21198/zz0008z8sz		1906-1987	
21198/zz0008z8tg		1892-1988	
21198/zz0008z8v0		1891-1972	
21198/zz0008z8wh		1904-	
21198/zz0008z8zj		1939-	
21198/zz0008z90j		1925-1978	
21198/zz0008z912		1925-	
21198/zz0008z92k		1904-1986	
21198/zz0008z933		1904-1994	
21198/zz0008z94m		1917-	
21198/zz0008z954		1927-	
21198/zz0008z96n		1917-1983	
21198/zz0008z975		1916-	
21198/zz0008z98p		1918-	
21198/zz0008z996		1928-	
21198/zz0008z9bq		1912-	
21198/zz0008z9c7		1908-1997	
21198/zz0008z9dr		1898-1978	
21198/zz0008z9f8		1928-	
21198/zz0008z9gs		1908-1993	
21198/zz0008z9h9		1922-1992	
21198/zz0008z9jt		1919-	
21198/zz0008z9kb		1918-1986	
21198/zz0008z9mv		1927-1994	
21198/zz0008z9nc		1924-	
21198/zz0008z9qd		1908-	
21198/zz0008z9rx		1898-1976	
21198/zz0008z9sf		1919-1998	
21198/zz0008z9tz		1907-1989	
21198/zz0008z9vg		1915-	
21198/zz0008z9w0		1920-1977	
21198/zz0008z9xh		1918-1976	
21198/zz0008z9z1		1914-	
21198/zz0008zb01		1894-1995	
21198/zz0008zb22		1895-1993	
21198/zz0008zb3k		1907-1987	
21198/zz0008zb43		1896-1987	
21198/zz0008zb5m		1915-	
21198/zz0008zb64		1907-	
21198/zz0008zb7n		1902-1985	
21198/zz0008zb9p		1909-1981	
21198/zz0008zbb6		1914-	
21198/zz0008zbd7		1902-1987	
21198/zz0008zbg8		1916-	
21198/zz0008zbhs		1905-	
21198/zz0008zbj9		1930-	
21198/zz0008zbkt		1908-1996	
21198/zz0008zbmb		1932-	
21198/zz0008zbnv		1932-	
21198/zz0008zbpc		1924-1986	
21198/zz0008zbqw		1918-1989	
21198/zz0008zbrd		1901-1976	
21198/zz0008zbsx		1913-	
21198/zz0008zbtf		1911-1991	
21198/zz0008zbvz		1937-	
21198/zz0008zbwg		1889-1995	
21198/zz0008zbx0		1916-	
21198/zz0008zbzh		1905-1980	
21198/zz0008zc0h		1914-1978	
21198/zz0008zc11		1908-1985	
21198/zz0008zc2j		1903-1988	
21198/zz0008zc32		1918-1991	
21198/zz0008zc4k		1879-1966	
21198/zz0008zc6m		1898-1990	
21198/zz0008zc74		1906-1995	
21198/zz0008zc8n		1924-	
21198/zz0008zc95		1893-1980	
21198/zz0008zcbp		1896-1981	
21198/zz0008zcc6		1889-1986	
21198/zz0008zcdq		1902-1980	
21198/zz0008zcf7		1906-	
21198/zz0008zcgr		1904-1998	
21198/zz0008zch8		1905-1995	
21198/zz0008zcjs		1900-1970	
21198/zz0008zcmt		1919-	
21198/zz0008zcnb		1901-1990	
21198/zz0008zcpv		1902-1992	
21198/zz0008zcqc		1930-	
21198/zz0008zcsd		1917-	
21198/zz0008zctx		1918-	
21198/zz0008zcwz		1917-	
21198/zz0008zd00		1887-1974	
21198/zz0008zd1h		1918-	
21198/zz0008zd21		1899-1992	
21198/zz0008zd3j		1898-1979	
21198/zz0008zd5k		1886-1960	
21198/zz0008zd63		1910-1995	
21198/zz0008zd7m		1911-	
21198/zz0008zd84		1907-1976	
21198/zz0008zd9n		1917-1998	
21198/zz0008zdb5		1896-1978	
21198/zz0008zdcp		1922-1991	
21198/zz0008zdfq		1908-1989	
21198/zz0008zdhr		1932-	
21198/zz0008zdj8		1909-	
21198/zz0008zdks		1907-1986	
21198/zz0008zdm9		1934-	
21198/zz0008zdnt		1879-1976	
21198/zz0008zdpb		1891-1989	
21198/zz0008zdqv		1899-1991	
21198/zz0008zdrc		1921-	
21198/zz0008zdsw		1912-1989	
21198/zz0008zdtd		1907-	
21198/zz0008zdvx		1913-	
21198/zz0008zdwf		1911-1984	
21198/zz0008zdxz		1908-	
21198/zz0008zdzg		1923-1998	
21198/zz0008zf0g		1914-1990	
21198/zz0008zf2h		1910-1999	
21198/zz0008zf31		1900-1988	
21198/zz0008zf4j		1900-1993	
21198/zz0008zf52		1902-1980	
21198/zz0008zf73		1913-	
21198/zz0008zf8m		1920-	
21198/zz0008zfbn		1903-1990	
21198/zz0008zfc5		1939-	
21198/zz0008zff6		1907-1991	
21198/zz0008zfgq		1911-1994	
21198/zz0008zfh7		1901-1989	
21198/zz0008zfjr		1910-1992	
21198/zz0008zfn9		1896-1984	
21198/zz0008zfpt		1915-1985	
21198/zz0008zfqb		1917-	
21198/zz0008zfrv		1900-1966	
21198/zz0008zfsc		1911-1990	
21198/zz0008zftw		1899-1990	
21198/zz0008zfwx		1909-1998	
21198/zz0008zfxf		1912-	
21198/zz0008zfzz		1912-	
21198/zz0008zg0z		1884-1976	
21198/zz0008zg1g		1897-1989	
21198/zz0008zg20		1921-	
21198/zz0008zg3h		1902-1995	
21198/zz0008zg41		1920-	
21198/zz0008zg5j		1910-	
21198/zz0008zg62		1905-1989	
21198/zz0008zg7k		1892-1988	
21198/zz0008zg83		1914-1990	
21198/zz0008zg9m		1912-	
21198/zz0008zgb4		1913-	
21198/zz0008zgcn		1911-	
21198/zz0008zgd5		1917-	
21198/zz0008zgfp		1921-	
21198/zz0008zgg6		1902-1988	
21198/zz0008zghq		1881-1975	
21198/zz0008zgj7		1905-1994	
21198/zz0008zgkr		1913-	
21198/zz0008zgm8		1911-1986	
21198/zz0008zgns		1923-	
21198/zz0008zgp9		1910-	
21198/zz0008zgqt		1900-1988	
21198/zz0008zgrb		1898-1990	
21198/zz0008zgsv		1918-	
21198/zz0008zgtc		1913-	
21198/zz0008zgvw		1904-1988	
21198/zz0008zgwd		1880-1976	
21198/zz0008zgxx		1889-1981	
21198/zz0008zgzf		1913-1998	
21198/zz0008zh1z		1916-	
21198/zz0008zh2g		1916-	
21198/zz0008zh30		1915-1987	
21198/zz0008zh4h		1903-1995	
21198/zz0008zh51		1925-	
21198/zz0008zh6j		1897-1995	
21198/zz0008zh72		1911-	
21198/zz0008zh8k		1915-	
21198/zz0008zh93		1900-1987	
21198/zz0008zhbm		1898-1985	
21198/zz0008zhc4		1897-1993	
21198/zz0008zhf5		1907-1992	
21198/zz0008zhgp		1916-	
21198/zz0008zhh6		1938-	
21198/zz0008zhjq		1905-1996	
21198/zz0008zhk7		1920-	
21198/zz0008zhmr		1936-	
21198/zz0008zhn8		1902-	
21198/zz0008zhps		1919-	
21198/zz0008zhq9		1895-1963	
21198/zz0008zhrt		1930-	
21198/zz0008zhsb		1937-	
21198/zz0008zhtv		1907-1989	
21198/zz0008zhvc		1949-	
21198/zz0008zhww		1916-	
21198/zz0008zhxd		1917-	
21198/zz0008zhzx		1911-	
21198/zz0008zj0x		1912-1991	
21198/zz0008zj1f		1912-1993	
21198/zz0008zj2z		1912-1994	
21198/zz0008zj3g		1882-1963	
21198/zz0008zj40		1908-	
21198/zz0008zj5h		1923-	
21198/zz0008zj61		1921-	
21198/zz0008zj7j		1922-	
21198/zz0008zj82		1932-	
21198/zz0008zj9k		1905-	
21198/zz0008zjb3		1911-	
21198/zz0008zjcm		1915-1993	
21198/zz0008zjd4		1905-1995	
21198/zz0008zjfn		1902-1992	
21198/zz0008zjg5		1866-1965	
21198/zz0008zjhp		1909-1988	
21198/zz0008zjj6		1906-	
21198/zz0008zjkq		1912-	
21198/zz0008zjm7		1908-	
21198/zz0008zjnr		1913-1994	
21198/zz0008zjp8		1931-	
21198/zz0008zjqs		1910-	
21198/zz0008zjr9		1916-	
21198/zz0008zjst		1906-1996	
21198/zz0008zjtb		1918-	
21198/zz0008zjvv		1889-1979	
21198/zz0008zjwc		1914-	
21198/zz0008zjxw		1916-1993	
21198/zz0008zjzd		1902-1989	
21198/zz0008zk0d		1914-	
21198/zz0008zk1x		1916-	
21198/zz0008zk2f		1904-	
21198/zz0008zk3z		1908-1989	
21198/zz0008zk4g		1904-	
21198/zz0008zk50		1915-	
21198/zz0008zk6h		1911-	
21198/zz0008zk71		1900-1982	
21198/zz0008zk8j		1915-1997	
21198/zz0008zk92		1906-	
21198/zz0008zkbk		1916-1989	
21198/zz0008zkc3		1907-	
21198/zz0008zkdm		1909-1995	
21198/zz0008zkf4		1905-1994	
21198/zz0008zkgn		1915-1990	
21198/zz0008zkh5		c.1905-	
21198/zz0008zkjp		c.1905-1994	
21198/zz0008zkk6		1912-	
21198/zz0008zkmq		1890-1984	
21198/zz0008zkn7		1920-	
21198/zz0008zkq8		1917-	
21198/zz0008zkrs		1909-	
21198/zz0008zks9		1912-1992	
21198/zz0008zktt		1910-1998	
21198/zz0008zkvb		1907-	
21198/zz0008zkwv		1927-	
21198/zz0008zkxc		1909-1993	
21198/zz0008zkzw		1929-	
21198/zz0008zm0w		1882-1969	
21198/zz0008zm1d		1912-1997	
21198/zz0008zm2x		1899-1995	
21198/zz0008zm3f		1917-	
21198/zz0008zm4z		1917-	
21198/zz0008zm5g		1897-1993	
21198/zz0008zm60		1909-	
21198/zz0008zm7h		1924-	
21198/zz0008zm81		1919-	
21198/zz0008zm9j		1913-1995	
21198/zz0008zmb2		1923-	
21198/zz0008zmck		1895-1982	
21198/zz0008zmd3		1910-1992	
21198/zz0008zmfm		1918-	
21198/zz0008zmg4		1927-	
21198/zz0008zmhn		1909-1992	
21198/zz0008zmj5		1935-	
21198/zz0008zmkp		1914-1992	
21198/zz0008zmm6		1925-	
21198/zz0008zmnq		1927-	
21198/zz0008zmp7		1954-	
21198/zz0008zmqr		1918-1996	
21198/zz0008zmr8		1886-1961	
21198/zz0008zmss		1893-1963	
21198/zz0008zmt9		1911-1994	
21198/zz0008zmvt		1922-	
21198/zz0008zmwb		1921-	
21198/zz0008zmxv		1933-	
21198/zz0008zmzc		1952-	
21198/zz0008zn0c		1922-	
21198/zz0008zn1w		1910-	
21198/zz0008zn2d		1955-	
21198/zz0008zn3x		1928-	
21198/zz0008zn4f		1955-	
21198/zz0008zn5z		1893-1985	
21198/zz0008zn6g		1912-	
21198/zz0008zn70		1912-1996	
21198/zz0008zn8h		1953-	
21198/zz0008zn91		1911-1993	
21198/zz0008znbj		1912-	
21198/zz0008znc2		1927-	
21198/zz0008zndk		1919-	
21198/zz0008znf3		1925-1996	
21198/zz0008zngm		1942-	
21198/zz0008znh4		1953-	
21198/zz0008znjn		1900-1968	
21198/zz0008znk5		1905-1993	
21198/zz0008znmp		1914-	
21198/zz0008znn6		1905-	
21198/zz0008znpq		1915-	
21198/zz0008znq7		1920-	
21198/zz0008znrr		1904-1993	
21198/zz0008zns8		1912-1993	
21198/zz0008znts		1905-1996	
21198/zz0008znv9		1913-1994	
21198/zz0008znwt		1926-	
21198/zz0008znxb		1879-1971	
21198/zz0008znzv		1907-	
21198/zz0008zp0v		1912-	
21198/zz0008zp1c		1954-	
21198/zz0008zp2w		1953-	
21198/zz0008zp3d		1918-	
21198/zz0008zp5f		1953-	
21198/zz0008zp6z		1918-	
21198/zz0008zp7g		1910-	
21198/zz0008zp80		1913-1994	
21198/zz0008zp9h		1899-1983	
21198/zz0008zpb1		1928-	
21198/zz0008zpcj		1911-1994	
21198/zz0008zpd2		1920-	
21198/zz0008zpfk		1912-	
21198/zz0008zphm		1902-1995	
21198/zz0008zpj4		1924-	
21198/zz0008zpkn		1920-1995	
21198/zz0008zpm5		1924-	
21198/zz0008zpnp		1915-1993	
21198/zz0008zpp6		1879-1973	
21198/zz0008zpqq		1935-	
21198/zz0008zpr7		1907-	
21198/zz0008zpsr		1935-	
21198/zz0008zpt8		1955-	
21198/zz0008zpvs		1958-	
21198/zz0008zpw9		1917-1996	
21198/zz0008zpxt		1918-	
21198/zz0008zpzb		1926-	
21198/zz0008zq0b		1921-	
21198/zz0008zq1v		1957-	
21198/zz0008zq2c		1884-1966	
21198/zz0008zq3w		1956-	
21198/zz0008zq4d		1961-	
21198/zz0008zq5x		1930-	
21198/zz0008zq6f		1912-1995	
21198/zz0008zq7z		1951-	
21198/zz0008zq8g		1928-	
21198/zz0008zq90		1955-	
21198/zz0008zqbh		1917-	
21198/zz0008zqc1		1921-	
21198/zz0008zqdj		1917-	
21198/zz0008zqf2		1915-1981	
21198/zz0008zqgk		1954-	
21198/zz0008zqh3		1952-	
21198/zz0008zqjm		1910-1998	
21198/zz0008zqk4		1924-	
21198/zz0008zqmn		1933-	
21198/zz0008zqn5		1956-	
21198/zz0008zqpp		1953-	
21198/zz0008zqq6		1955-	
21198/zz0008zqrq		1908-1996	
21198/zz0008zqs7		1931-	
21198/zz0008zqtr		1902-1984	
21198/zz0008zqv8		1910-1994	
21198/zz0008zqws		1921-	
21198/zz0008zqx9		1917-	
21198/zz0008zqzt		1926-	
21198/zz0008zr0t		1934-	
21198/zz0008zr1b		1917-	
21198/zz0008zr2v		1955-	
21198/zz0008zr3c		1914-	
21198/zz0008zr4w		1954-	
21198/zz0008zr5d		1904-	
21198/zz0008zr6x		1890-1977	
21198/zz0008zr7f		1954-	
21198/zz0008zr8z		1955-	
21198/zz0008zr9g		1957-	
21198/zz0008zrb0		1956-	
21198/zz0008zrch		1955-	
21198/zz0008zrd1		1921-	
21198/zz0008zrfj		1955-	
21198/zz0008zrg2		1928-	
21198/zz0008zrhk		1958-	
21198/zz0008zrj3		1883-1963	
21198/zz0008zrkm		1883-1983	
21198/zz0008zrm4		1925-	
21198/zz0008zrnn		1955-	
21198/zz0008zrp5		1915-	
21198/zz0008zrqp		1905-1995	
21198/zz0008zrr6		1924-	
21198/zz0008zrsq		1957-	
21198/zz0008zrt7		1956-	
21198/zz0008zrvr		1924	
21198/zz0008zrw8		1916-	
21198/zz0008zrxs		1934-	
21198/zz0008zrz9		1883-1970	
21198/zz0008zs09		1937-	
21198/zz0008zs1t		1927-	
21198/zz0008zs2b		1920-	
21198/zz0008zs3v		1954-	
21198/zz0008zs4c		1961-	
21198/zz0008zs5w		1914-	
21198/zz0008zs6d		1925-	
21198/zz0008zs7x		1955-	
21198/zz0008zs8f		1926-	
21198/zz0008zs9z		1917-1998	
21198/zz0008zsbg		1886-1982	
21198/zz0008zsc0		1955-	
21198/zz0008zsdh		1951-	
21198/zz0008zsf1		1960-	
21198/zz0008zsgj		1920-1997	
21198/zz0008zsh2		1957-	
21198/zz0008zsjk		1956-	
21198/zz0008zsk3		1928-	
21198/zz0008zsmm		1916-	
21198/zz0008zsn4		1954-	
21198/zz0008zspn		1886-1975	
21198/zz0008zsrp		1947-	
21198/zz0008zss6		1952-	
21198/zz0008zstq		1957-	
21198/zz0008zsv7		1923-1998	
21198/zz0008zswr		1960-	
21198/zz0008zsx8		1954-	
21198/zz0008zszs		1944-	
21198/zz0008zt0s		1954-	
21198/zz0008zt19		1957-	
21198/zz0008zt2t		1898-1991	
21198/zz0008zt3b		1956-	
21198/zz0008zt4v		1960-	
21198/zz0008zt5c		1955-	
21198/zz0008zt6w		1956-	
21198/zz0008zt7d		1923-	
21198/zz0008zt8x		1901-1976	
21198/zz0008zt9f		1898-1970	
21198/zz0008ztbz		1914-	
21198/zz0008ztcg		1918-1980	
21198/zz0008ztd0		1887-1981	
21198/zz0008ztfh		1901-1981	
21198/zz0008ztg1		1899-1992	
21198/zz0008zthj		1883-1978	
21198/zz0008ztj2		1899-1983	
21198/zz0008ztkk		1895-1979	
21198/zz0008ztm3		1905-1995	
21198/zz0008ztnm		1899-1976	
21198/zz0008ztp4		1898-1969	
21198/zz0008ztqn		1897-1977	
21198/zz0008ztr5		1904-1988	
21198/zz0008ztsp		1892-1976	
21198/zz0008ztt6		1906-1993	
21198/zz0008ztvq		1895-1987	
21198/zz0008ztw7		1927-	
21198/zz0008ztxr		1888-1973	
21198/zz0008ztz8		1898-1980	
21198/zz0008zv08		1886-1981	
21198/zz0008zv1s		1925-	
21198/zz0008zv29		1943-	
21198/zz0008zv3t		1920-	
21198/zz0008zv4b		1913-	
21198/zz0008zv5v		1888-1968	
21198/zz0008zv6c		1905-1992	
21198/zz0008zv7w		1924-	
21198/zz0008zv8d		1925-	
21198/zz0008zv9x		1904-	
21198/zz0008zvbf		1910-	
21198/zz0008zvcz		1935-	
21198/zz0008zvdg		1906-	
21198/zz0008zvf0		1943-	
21198/zz0008zvgh		1914-	
21198/zz0008zvh1		1906-	
21198/zz0008zvjj		1878-1970	
21198/zz0008zvk2		1886-1971	
21198/zz0008zvmk		1917-	
21198/zz0008zvn3		1926-1993	
21198/zz0008zvpm		1907-	
21198/zz0008zvq4		1921-	
21198/zz0008zvrn		1907-1994	
21198/zz0008zvs5		1914-	
21198/zz0008zvtp		1929-	
21198/zz0008zvv6		1943-	
21198/zz0008zvwq		1943-	
21198/zz0008zvx7		1923-	
21198/zz0008zvzr		1910-	
21198/zz0008zw18		1943-	
21198/zz0008zw2s		1906-1994	
21198/zz0008zw39		1948-	
21198/zz0008zw4t		1941-	
21198/zz0008zw5b		1905-	
21198/zz0008zw6v		1918-	
21198/zz0008zw7c		1927-	
21198/zz0008zw8w		1925-	
21198/zz0008zw9d		1918-	
21198/zz0008zwbx		1880-1968	
21198/zz0008zwcf		1947-	
21198/zz0008zwdz		1930-	
21198/zz0008zwfg		1926-	
21198/zz0008zwg0		1926-1997	
21198/zz0008zwj1		1929-	
21198/zz0008zwkj		1914-	
21198/zz0008zwm2		1904-1995	
21198/zz0008zwnk		1921-	
21198/zz0008zwp3		1943-	
21198/zz0008zwqm		1955-	
21198/zz0008zwvp		1897-1972	
21198/zz0008zwxq		1913-1995	
21198/zz0008zwz7		d. 1986	
21198/zz0008zx07		1897-1993	
21198/zz0008zx1r		1901-1974	
21198/zz0008zx28		1899-1969	
21198/zz0008zx49		1886-1964	
21198/zz0008zx6b		1888-1974	
21198/zz0008zx8c		1884-1979	
21198/zz0008zxcx		1902-	
21198/zz0008zxdf		1906-1988	
21198/zz0008zxgg		1911-	
21198/zz0008zxh0		1908-1983	
21198/zz0008zxs4		1924-	
21198/zz0008zz59		1905-1996	
21198/zz0008zzj0		1896-1987	
21198/zz0008zzw5		1895-1966	
21198/zz0009009q		1887-	
21198/zz000900nw		1885-1977	
21198/zz000900zj		1906-	
21198/zz000901bq		1895-1986	
21198/zz000901qd		1888-1979	
21198/zz00090222		1902-1977	
21198/zz0009023k		1890-1972	
21198/zz0009025m		1900-1990	
21198/zz00090264		1906-1985	
21198/zz0009027n		1890-	
21198/zz00090285		d. 1984	
21198/zz000902b6		1928-	
21198/zz000902d7		1899-1990	
21198/zz000902fr		1895-1992	
21198/zz000902g8		1890-1978	
21198/zz000902j9		1927-	
21198/zz000902kt		1900-1992	
21198/zz000902mb		1926-	
21198/zz000902nv		1927-	
21198/zz000902rd		1928-	
21198/zz000902tf		1881-1969	
21198/zz000902vz		1902-1995	
21198/zz000902wg		1900-1978	
21198/zz0009032j		1894-1976	
21198/zz00090332		1872-1974	
21198/zz0009034k		1900-	
21198/zz0009036m		1886-1974	
21198/zz00090374		1909-	
21198/zz00090395		1884-	
21198/zz000903bp		1916-	
21198/zz000903c6		1911-1993	
21198/zz000903dq		d. 1975	
21198/zz000903f7		1894-1985	
21198/zz000903gr		1863-	
21198/zz000903h8		1896-1981	
21198/zz000903k9		1901-	
21198/zz000903qc		1899-1983	
21198/zz000903rw		1922-	
21198/zz000903sd		1886-1989	
21198/zz000903vf		1895-	
21198/zz000903xg		1877-1964	
21198/zz000903z0		1896-1987	
21198/zz00090400		1888-1966	
21198/zz0009041h		1892-1982	
21198/zz00090421		1909-1987	
21198/zz00090442		1881-1977	
21198/zz0009045k		1881-1971	
21198/zz00090463		1890-1972	
21198/zz0009047m		1886-1974	
21198/zz00090484		1916-	
21198/zz0009049n		1902-1986	
21198/zz000904b5		1891-1973	
21198/zz000904cp		1886-1979	
21198/zz000904fq		1911-1976	
21198/zz000904g7		1909-1976	
21198/zz000904hr		1901-1994	
21198/zz000904j8		1912-	
21198/zz000904ks		1904-1987	
21198/zz000904m9		1923-	
21198/zz000904nt		1908-1997	
21198/zz0009519f		c. 1930-2006	
21198/zz00095x90		c. 1930-2007	
21198/zz000962z6		1933 - 1999	
21198/zz00096b55		1919-2007	
21198/zz00096b6p		1917-2007	
21198/zz00096b8q		c. 1930-2007	
21198/zz00096b97		1932-2007	
21198/zz00096c7p		1950-2000	
21198/zz00096c86		1950-2000	
21198/zz00096d4m		1950-2000	
21198/zz00096jxf		c. 1930-2006	
21198/zz00096kcn		1969-2008	
21198/zz00096mtv		1935-2010	
21198/zz00096ncm		1919 - 2004	
21198/zz00096nr9		1922-2006	
21198/zz00096p6h		1932 - 1997	
21198/zz00096qqr		1962-2006	
21198/zz00096qr8		1936-2006	
21198/zz00096qt9		1955-2007	
21198/zz00096qwb		c. 1960-2006	
21198/zz00096t1v		1931-2007	
21198/zz00096t2c		1947-2007	
21198/zz00096t3w		1934-2007	
21198/zz00096t4d		1929 - 2006	
21198/zz00096t5x		1938-2007	
21198/zz00096t7z		1930-2007	
21198/zz00096t8g		1965-2000	
21198/zz00096t90		1943-2006	
21198/zz00096tc1		1965-2000	
21198/zz00096tdj		1936-2006	
21198/zz00096tf2		1953-2006	
21198/zz00096th3		1923-2008	
21198/zz00096tjm		1950-2008	
21198/zz00096tk4		1919-2008	
21198/zz00097158		1950-2000	
21198/zz000972jf		1965-2000	
21198/zz000972kz		1965-2000	
21198/zz000972mg		1965-2000	
21198/zz000972n0		1965-2000	
21198/zz000972ph		1965-2000	
21198/zz000975hc		1943-2008	
21198/zz00097pzb		1933 - 1993	
21198/zz00097q0b		1943 - 2002	
21198/zz00097q1v		- 2001	
21198/zz00097q3w		1930 - 2004	
21198/zz00097q4d		1928 - 1998	
21198/zz00097q5x		1939 - 2003	
21198/zz00097qjm		1941 - 2003	
21198/zz00097qzt		1942 - 2003	
21198/zz00097r0t		1944 - 2003	
21198/zz00097r2v		1937 - 2004	
21198/zz00097r3c		1954 - 2003	
21198/zz00097r4w		1936 - 2002	
21198/zz00097xfz		1931 - 2003	
21198/zz00097xgg		1965-2000	
21198/zz00097xh0		1965-2000	
21198/zz00097xjh		1965-2000	
21198/zz00097xk1		1965-2000	
21198/zz00097xwp		1924 - 2000	
21198/zz00097xx6		1921 - 2000	
21198/zz00097xzq		1922 - 1998	
21198/zz00097z17		1931 - 1998	
21198/zz00097z9c		1927 - 1997	
21198/zz00097zbw		1929 - 1996	
21198/zz00097zcd		1923 - 1997	
21198/zz00097zdx		1931 - 1999	
21198/zz00097znj		1926 - 1999	
21198/zz00097zp2		1961-1974	
21198/zz00097zqk		1961-1974	
21198/zz00097zr3		1961-1974	
21198/zz00097zsm		1961-1974	
21198/zz00098t49		1950s - 1970s	
21198/zz00098t5t		1934 - 2000	
21198/zz00098t6b		1928 - 2001	
21198/zz00098t7v		1932 - 2001	
21198/zz00098tzq		1937 - 2001	
21198/zz00098vp2		1960s - 1970s	
21198/zz00098vqk		1948 - 2004	
21198/zz00098x4r		1931 - 1996	
21198/zz00098x58		1926 - 1999	
21198/zz00098x6s		1916 - 1998	
21198/zz00098x79		1945 - 1998	
21198/zz0009909r		1919 - 1998	
21198/zz000990b8		1919 - 1996	
21198/zz000990ft		1935 - 2005	
21198/zz000990gb		1920 - 2001	
21198/zz000990v1		1923 - 1999	
21198/zz000990wj		1933 - 1997	
21198/zz000990x2		1924 - 1999	
21198/zz000990zk		1931 - 1999	
21198/zz0009910k		1932 - 1997	
21198/zz00099113		1947 - 1998	
21198/zz0009912m		1926 - 1997	
21198/zz00099134		1929 - 2001	
21198/zz0009914n		1915 - 1997	
21198/zz0009916p		1923 - 1999	
21198/zz00099176		1929 - 2001	
21198/zz0009918q		1919 - 2000	
21198/zz00099197		1919 - 2000	
21198/zz000991br		1919 - 1997	
21198/zz000991c8		1925 - 1997	
21198/zz00099h6f		1925 - 1997	
21198/zz00099h7z		1924 - 2000	
21198/zz00099h8g		1913 - 1999	
21198/zz00099h90		1922 - 1997	
21198/zz00099hc1		1951 - 2002	
21198/zz00099hdj		1947 - 2002	
21198/zz00099hf2		1935 - 2002	
21198/zz00099hgk		1949 - 2001	
21198/zz00099hh3		1943 - 2001	
21198/zz00099hjm		1933 - 2001	
21198/zz00099nwq		1938 - 2001	
21198/zz00099nx7		1933 - 2001	
21198/zz00099pqm		1925 - 1999	
21198/zz00099pr4		1941 - 1997	
21198/zz00099psn		1947 - 1996	
21198/zz00099pt5		1936 - 1997	
21198/zz00099qh0		1932 - 2000	
21198/zz00099qjh		1939 - 2002	
21198/zz00099r38		1934 - 2001	
21198/zz00099r4s		1942 - 2001	
21198/zz00099r59		1945 - 2000	
21198/zz00099r6t		1946 - 2001	
21198/zz00099r7b		1939 - 2001	
21198/zz00099rr3		1945 - 2003	
21198/zz0009chs4		1961 - 2002	
21198/zz0009chx6		1959 - 2000	
21198/zz0009chzq		1959 - 1999	
21198/zz0009cjkh		1958 - 1997	
21198/zz0009ck69		1963 - 2000	
21198/zz0009cm4r		1958 - 2001	
21198/zz0009cm58		1956 - 1998	
21198/zz0009cm79		1962 - 2001	
21198/zz0009cn9t		1963 - 2002	
21198/zz0009d4c2		1950-2000	
21198/zz0009d4gm		1950-2000	
21198/zz0009d4h4		1950-2000	
21198/zz0009d4jn		1950-2000	
21198/zz0009d4k5		1921-2008	
21198/zz0009d4mp		1911-2008	
21198/zz0009d67z		1927-2008	
21198/zz0009dbh1		1952 - 1996	
21198/zz0009dbjj		1959 - 2000	
21198/zz0009dbk2		1959 - 1999	
21198/zz0009dbmk		1956 - 1999	
21198/zz0009dbn3		1961 - 2003	
21198/zz0009dbpm		1960 - 2001	
21198/zz0009dbq4		1957 - 2000	
21198/zz0009dbrn		1959 - 2000	
21198/zz0009dbs5		1956 - 1999	
21198/zz0009dbtp		1948 - 1997	
21198/zz0009dbv6		1953 - 1999	
21198/zz0009dcbx		1959 - 2000	
21198/zz0009dccf		1957 - 2001	
21198/zz0009dcdz		1954 - 1998	
21198/zz0009dcfg		1956 - 2001	
21198/zz0009dcg0		1958 - 2001	
21198/zz0009dchh		1961 - 2002	
21198/zz0009dcj1		1957 - 1999	
21198/zz0009dckj		1958 - 1998	
21198/zz0009dcm2		1955 - 1997	
21198/zz0009dcnk		1958 - 2001	
21198/zz0009dcxq		1954 - 1996	
21198/zz0009dcz7		1958 - 1998	
21198/zz0009dd07		1961 - 2000	
21198/zz0009dddf		1959 - 1998	
21198/zz0009ddfz		1960 - 1999	
21198/zz0009ddgg		1956 - 2000	
21198/zz0009ddh0		1962 - 2002	
21198/zz0009ddjh		1956 - 2001	
21198/zz0009ddk1		1962 - 2002	
21198/zz0009ddmj		1958 - 1997	
21198/zz0009dg9v		1961 - 2002	
21198/zz0009dgbc		1957 - 1999	
21198/zz0009dgcw		1958 - 2001	
21198/zz0009dgdd		1952 - 1997	
21198/zz0009dgfx		1953 - 1997	
21198/zz0009dggf		1952 - 1997	
21198/zz0009dghz		1957 - 2000	
21198/zz0009dgjg		1960 - 1998	
21198/zz0009dgk0		1958 - 1997	
21198/zz0009dgmh		1967 - 2004	
21198/zz0009dgn1		1962 - 2001	
21198/zz0009dgpj		1958 - 2000	
21198/zz0009dgq2		1960 - 1997	
21198/zz0009dgrk		1957 - 2000	
21198/zz0009dgs3		1960 - 2003	
21198/zz0009dgtm		1957 - 2000	
21198/zz0009dgv4		1961 - 2000	
21198/zz0009dgwn		1958 - 2001	
21198/zz0009dgx5		1958 - 1997	
21198/zz0009dgzp		1949 - 1997	
21198/zz0009f4sq		1961 - 1997	
21198/zz0009f4t7		1955 - 2000	
21198/zz0009f4vr		1961 - 2000	
21198/zz0009f4w8		1958 - 1997	
21198/zz0009f4xs		1954 - 1999	
21198/zz0009f4z9		1962 - 2000	
21198/zz0009f509		1958 - 1998	
21198/zz0009f51t		1959 - 2000	
21198/zz0009f52b		1958 - 1999	
21198/zz0009f53v		1958 - 1998	
21198/zz0009f54c		1959 - 1998	
21198/zz0009f55w		1961 - 1998	
21198/zz0009f59z		1961 - 1999	
21198/zz0009f5mm		1958 - 2000	
21198/zz0009fkv1		1914 - 2000	
21198/zz0009fmkc		1929 - 2004	
21198/zz0009fmmw		1911 - 1996	
21198/zz0009fnzj		1911 - 2005	
21198/zz0009fp0j		1907 - 1980	
21198/zz0009fp12		1912 - 1980	
21198/zz0009fp2k		1917 - 1980	
21198/zz0009fp33		- 1980	
21198/zz0009fp4m		- 1980	
21198/zz0009fp54		- 2005	
21198/zz0009fqg8		1949 - 2003	
21198/zz0009fqhs		1950 - 2004	
21198/zz0009fqmb		1940 - 2001	
21198/zz0009fqnv		1937 - 2003	
21198/zz0009fqpc		1928 - 2003	
21198/zz0009fqqw		1927 - 2000	
21198/zz0009frf7		1950-2000	
21198/zz0009frgr		1950-2000	
21198/zz0009frh8		1950-2000	
21198/zz0009frh8		1950-2000	
21198/zz0009frjs		1926 - 2003	
21198/zz0009fs7m		1950-2000	
21198/zz0009fs9n		1950-2000	
21198/zz0009fzq8		1928 - 1998	
21198/zz0009g00b		1925 - 2000	
21198/zz0009g01v		1926 - 2003	
21198/zz0009g02c		1926 - 1997	
21198/zz0009g03w		1943 - 2004	
21198/zz0009g04d		1926 - 2000	
21198/zz0009g05x		1926 - 2000	
21198/zz0009g1ch		1922 - 1997	
21198/zz0009g1d1		1933 - 1999	
21198/zz0009g1fj		1967 - 2002	
21198/zz0009g1g2		1959 - 2002	
21198/zz0009g1hk		1959 - 2002	
21198/zz0009g1m4		1924 - 2003	
21198/zz0009ghrz		1929 - 2004	
21198/zz0009gjcr		1937 - 2005	
21198/zz0009gjg9		1962 - 2002	
21198/zz0009gjsz		1966 - 2003	
21198/zz0009gjtg		1958 - 2004	
21198/zz0009gk8p		1961 - 2002	
21198/zz0009gk96		1965 - 2004	
21198/zz0009gkc7		1964 - 2004	
21198/zz0009gkdr		1967 - 2004	
21198/zz0009gkf8		1958 - 2003	
21198/zz0009gknc		1935-2007	
21198/zz0009hpbm		1961 - 2002	
21198/zz0009hrf4		1964 - 2002	
21198/zz0009hs3f		1960 - 2002	
21198/zz0009hts8		1958 - 2002	
21198/zz0009htts		1962 - 2002	
21198/zz0009htv9		1960 - 2002	
21198/zz0009htwt		1967 - 2005	
21198/zz0009htxb		1955 - 2000	
21198/zz0009htzv		1955 - 1998	
21198/zz0009hv0v		1963 - 2000	
21198/zz0009hv1c		1962 - 2003	
21198/zz0009hv2w		1958 - 2003	
21198/zz0009hvsr		1963 - 2004	
21198/zz0009hvt8		1959 - 2002	
21198/zz0009hvxt		1964 - 2003	
21198/zz0009hw0b		1959 - 1998	
21198/zz0009hw1v		1960 - 2004	
21198/zz0009jc12		- 1999	
21198/zz0009jc2k		- 1999	
21198/zz0009jc33		- 1999	
21198/zz0009jc4m		- 1999	
21198/zz0009jc54		- 1999	
21198/zz0009jc6n		- 1999	
21198/zz0009jdtf		- 1999	
21198/zz0009jfsd		1934 - 1999	
21198/zz0009jftx		1913 - 2002	
21198/zz0009jfvf		1956 - 2001	
21198/zz0009jfwz		1955 - 2004	
21198/zz0009jfz0		1964 - 2003	
21198/zz0009jgtd		1923 - 1999	
21198/zz0009jh10		- 2002	
21198/zz000j3xjm		1879-1956	
21198/zz000j3xk4		1879-1956	
21198/zz000j3xmn		1879-1956	
21198/zz000j3xn5		1879-1956	
21198/zz000j3xpp		1879-1956	
21198/zz000j3xq6		1879-1956	
21198/zz000j3xrq		1879-1956	
21198/zz000j3xs7		1879-1956	
21198/zz000j43fx		1919-1980	
21198/zz000j43gf		1919-1980	
21198/zz000j43hz		1919-1980	
21198/zz000j43jg		1919-1980	
21198/zz000j43k0		1919-1980	
21198/zz000j43mh		1919-1980	
21198/zz000j43n1		1919-1980	
21198/zz000j43pj		1919-1980	
21198/zz000j43q2		1919-1980	
21198/zz000j43rk		1919-1980	
21198/zz000j43s3		1919-1980	
21198/zz000j43tm		1919-1980	
21198/zz000j43v4		1919-1980	
21198/zz000j43wn		1919-1980	
21198/zz000j43x5		1919-1980	
21198/zz000j43zp		1919-1980	
21198/zz000j440p		1919-1980	
21198/zz000j4416		1919-1980	
21198/zz000j442q		1919-1980	
21198/zz000nmdd8		1906-1985	
21198/zz000rtfn9		1915-1981	
21198/zz000rtfpt		1915-1981	
21198/zz000rtfqb		1915-1981	
21198/zz000rtfrv		1915-1981	
21198/zz000rtfsc		1915-1981	
21198/zz000rtftw		1915-1981	
21198/zz000rtfvd		1915-1981	
21198/zz000rtfwx		1915-1981	
21198/zz000rtfxf		1915-1981	
21198/zz000rtfzz		1915-1981	
21198/zz000rtg0z		1915-1981	
21198/zz000rtg1g		1915-1981	
21198/zz000rtg20		1915-1981	
21198/zz000rtg3h		1915-1981	
21198/zz000rtg41		1915-1981	
21198/zz000rtg5j		1915-1981	
21198/zz000rtg62		1915-1981	
21198/zz000rtg7k		1915-1981	
21198/zz000rtg83		1915-1981	
21198/zz000rtg9m		1915-1981	
21198/zz000rtgb4		1915-1981	
21198/zz000rtgcn		1915-1981	
21198/zz000rtgd5		1915-1981	
21198/zz000rtgfp		1915-1981	
21198/zz000rtgg6		1915-1981	
21198/zz000rtrch		1919-1969	
21198/zz000rtrd1		1919-1969	
21198/zz000rtrfj		1919-1969	
21198/zz000rwrhg		1898 - 1989	
21198/zz000rwrkh		1920-1984	
21198/zz000rwrm1		1920-1984	
21198/zz000rwrnj		1920-1984	
21198/zz000rwrp2		1920-1984	
21198/zz000rwrqk		1920-1984	
21198/zz000rwrr3		1920-1984	
21198/zz000rwrsm		1920-1984	
21198/zz000rwrt4		1920-1984	
21198/zz000rwrvn		1920-1984	
21198/zz000rwrw5		1920-1984	
21198/zz000rwrxp		1920-1984	
21198/zz000rwrz6		1920-1984	
21198/zz000rws06		1920-1984	
21198/zz000rws1q		1920-1984	
21198/zz000rws27		1920-1984	
21198/zz000rws3r		1920-1984	
21198/zz000rws48		1920-1984	
21198/zz000rws5s		1920-1984	
21198/zz000rws69		1920-1984	
21198/zz000rws7t		1920-1984	
21198/zz000s4rf0		1950-2000	
21198/zz000s4rgh		1950-2000	
21198/zz000s52qx		1950-2000	
21198/zz000s52rf		1950-2000	
21198/zz000s65d5		1919-2008	
21198/zz000s69hn		1928-2008	
21198/zz000s93f2		1941 - 2001	
21198/zz000s95n4		1941 - 2004	
21198/zz000s9jt1		1941 - 2002	
21198/zz000s9jw2		1945 - 2003	
21198/zz000s9kwj		1941 - 2003	
21198/zz000s9kzk		1911 -	
21198/zz0013xs9t		1930s - 1940s	
21198/zz0013zgs5		1898 - 1980	
21198/zz001400k5		1959-2008	
21198/zz001400n6		1955-2009	
21198/zz001525rg		1891-	
21198/zz00152b4k		1898 - 1989	
21198/zz00152b6m		1920-1984	
21198/zz00152bbp		1920-1984	
21198/zz00156zg7		1950-2000	
21198/zz0015t9d3		1950-2000	
21198/zz0015t9fm		1950-2000	
21198/zz0015t9g4		1950-2000	
21198/zz0015t9hn		1950-2000	
21198/zz0015tgpn		1916-2008	
21198/zz0015tgq5		1948-2008	
21198/zz0015tr47		1892-1988	
21198/zz0015vc1t		1898-1995	
21198/zz0015vc2b		1910-1983	
21198/zz0015vc3v		1895-1989	
21198/zz0015vc4c		1895-1989	
21198/zz0015vc5w		1887-1975	
21198/zz0015vgm2		1927-	
21198/zz0015vhrm		1919-	
21198/zz0015vhs4		1919-	
21198/zz0015vq67		1916-2005	
21198/zz0015vqx3		1903-	
21198/zz0015vqzm		1903-	
21198/zz0015vsb8		1907-	
21198/zz0015vscs		1921-1993	
21198/zz0015vsd9		1914-1994	
21198/zz0015vsft		1910-	
21198/zz0015w1wc		1962 - 2006	
21198/zz0015w61v		- 2004	
21198/zz0015wb8d		- 2005	
21198/zz0015wb9x		1963 - 2006	
21198/zz0015wbgh		1961 - 2006	
21198/zz0015wbmk		- 2006	
21198/zz0015wbzr		1965 - 2005	
21198/zz0015wc0r		1956 - 2000	
21198/zz0015wc9d		1964 - 2005	
21198/zz0015wcfg		1962 - 2004	
21198/zz0015wchh		1963 - 2005	
21198/zz0015wcsn		1960 - 2002	
21198/zz0015wct5		1960 - 2005	
21198/zz0015wd1r		1963 - 2006	
21198/zz0015wd28		1964 - 2003	
21198/zz0015wd8c		1960 - 2006	
21198/zz0015wd9w		1959 - 2004	
21198/zz0015wddf		1964 - 2005	
21198/zz0015wdmj		- 2005	
21198/zz0015wdq3		1963 - 2005	
21198/zz0015wdwp		1963 - 2006	
21198/zz0015wf8v		1962 - 2004	
21198/zz0015wg06		1966 - 2005	
21198/zz0015wg1q		1958 - 2004	
21198/zz0015wg27		1961 - 2005	
21198/zz0015wg7t		- 2004	
21198/zz0015wg8b		1964 - 2005	
21198/zz0015wkvk		1961 - 2004	
21198/zz0015wkw3		1963 - 2006	
21198/zz0015wkxm		1965 - 2004	
21198/zz0015wkz4		1966 - 2005	
21198/zz0015wm04		1962 - 2003	
21198/zz0015wm1n		1960 - 2006	
21198/zz0015wm25		1958 - 2004	
21198/zz0015wm3p		1959 - 2000	
21198/zz0015wm46		1962 - 2000	
21198/zz0015wm5q		1963 - 2003	
21198/zz0015wm67		1958 - 1999	
21198/zz0015wm7r		1965 - 2006	
21198/zz0015xbxp		1896-1972	
21198/zz0015xc06		1915-	
21198/zz0015xc1q		1877-1973	
21198/zz0015xdvm		1902-1983	
21198/zz0015xdw4		1894-1987	
21198/zz0015z39f		1933 - 2004	
21198/zz0015z3fh		1928 - 2006	
21198/zz0015z6wp		1941 - 2004	
21198/zz0015z8gf		1946 - 2003	
21198/zz00160fgq		1984 - 2003	
21198/zz00161mjm		1962 - 2002	
21198/zz00161mk4		1961 - 2003	
21198/zz00161mmn		1954 - 2002	
21198/zz00161mn5		1962 - 2003	
21198/zz00162xkx		1895-1989	
21198/zz001633cp		1902-1995	
21198/zz001633hr		1916-	
21198/zz00175s41		1889-1969	
21198/zz00175s83		1890-1994	
21198/zz00175sb4		1915-1994	
21198/zz001769vk		1940-2007	
21198/zz00177mtv		1966 - 2004	
21198/zz00177mxd		1917 - 1996	
21198/zz00178h0f		1915-1981	
21198/zz00178h30		1897 - 1975	
21198/zz00179drt		- 2002	
21198/zz00179gh5		1922-2000	
21198/zz00179s7c		1905 - 1986	
21198/zz0017jrtt		1915 - 2002	
21198/zz0017nmkm		1951 - 2003	
21198/zz001d0kck		1956-2009	
21198/zz001d0kp7		1961-2009	
21198/zz001d0kvt		1954-2009	
21198/zz001d0rc0		1947-2009	
21198/zz001d0rdh		1950-2000	
21198/zz001d0rh2		1934-2009	
21198/zz001d0rs6		1950-2000	
21198/zz001d0rtq		1950-2000	
21198/zz001d0rv7		1950-2000	
21198/zz001d0rx8		1950-2000	
21198/zz001d0rzs		1950-2000	
21198/zz001d0s0s		1950-2000	
21198/zz001d0sbz		1950-2000	
21198/zz001d0scg		1950-2000	
21198/zz001d0sd0		1950-2000	
21198/zz001d0sfh		1950-2000	
21198/zz001d0sg1		1950-2000	
21198/zz001d0shj		1950-2000	
21198/zz001d0tmk		1952-2009	
21198/zz001d0v4t		1947-2009	
21198/zz001d2vcb		1950-2000	
21198/zz001hfx7d		1924-	
21198/zz001jmjpg		1949-2009	
21198/zz001nf181		1950-2000	
21198/zz001nf19j		1950-2000	
21198/zz001nf1b2		1950-2000	
21198/zz001nf1ck		1950-2000	
21198/zz001nf291		1950-2000	
21198/zz001nf2bj		1950-2000	
21198/zz001nf2c2		1950-2000	
21198/zz001nf2dk		1950-2000	
21198/zz001nf2f3		1950-2000	
21198/zz001nf2gm		1950-2000	
21198/zz001nf2h4		1950-2000	
21198/zz001nf2jn		1950-2000	
21198/zz001nf2k5		1950-2000	
21198/zz001nf2mp		1950-2000	
21198/zz001nf2n6		1950-2000	
21198/zz001nf2pq		1950-2000	
21198/zz001nf2q7		1950-2000	
21198/zz001nf2rr		1950-2000	
21198/zz001nf2s8		1950-2000	
21198/zz001nf2ts		1950-2000	
21198/zz001nf2v9		1950-2000	
21198/zz001nf2wt		1950-2000	
21198/zz001nf2xb		1950-2000	
21198/zz001nf2zv		1950-2000	
21198/zz001nf30v		1950-2000	
21198/zz0025n7b7		1946-2010	
21198/zz0025n7d8		1924-2010	
21198/zz0025n7wh		1958-2010	
21198/zz0025n7x1		1955-2010	
21198/zz0026v40q		1946-2010	
21198/zz0026v5pj		1916-2010	
21198/zz0028vg2d		1942-2011	
21198/zz0028vg3x		[unknown]-2011	
21198/zz0028vg4f		1935-2011	
21198/zz00292rws		1976-2011	
21198/zz002938x0		1955-2010	
21198/zz002938zh		1961-2010	
21198/zz0029390h		1965-2011	
21198/zz00293f1z		1951-2011	
21198/zz00293f2g		1954-2011	
21198/zz00293f30		1936-2011	
21198/zz00293f4h		1949-2011	
21198/zz002b0jsv		1940-2013	
21198/zz002b93cd		1940-2010	
21198/zz002b93dx		1940-2010	
21198/zz002b9sgm		1929-2011	
21198/zz002bfkmk		1962-2011	
21198/zz002bfs5r		1954-2011	
21198/zz002bfs68		1945 - 2011	
21198/zz002bfs7s		1944-2011	
21198/zz002bfs89		1924-2011	
21198/zz002bp8zj		1955-2011	
21198/zz002bqsg0		1926-2012	
21198/zz002bwvb4		1947-2013	
21198/zz002bz9wk		1953-2012	
21198/zz002bz9x3		1936-2012	
21198/zz002bz9zm		1935-2012	
21198/zz002bzb0m		1975-2012	
21198/zz002bzb14		1959-2012	
21198/zz002c25qt		1930-2012	
21198/zz002c25sv		1944-2011	
21198/zz002c25tc		1950-2012	
21198/zz002c2dx9		1935-2012	
21198/zz002c2fnn		1951-2012	
21198/zz002c2fz9		1921-2009	
21198/zz002cds1n		1940-2012	
21198/zz002cds25		1930-2011	
21198/zz002cdss1		1917-2012	
21198/zz002cdt77		1930-2010	
21198/zz002cftb7		1947-2012	
21198/zz002cftcr		1946-2011	
21198/zz002cftd8		1942-2012	
21198/zz002cftfs		1943-2010	
21198/zz002cftg9		1947-2011	
21198/zz002cftht		1946-2012	
21198/zz002dj5z4		1955-2012	
21198/zz002dj646		1942-2012	
21198/zz002dktbf		1967-2012	
21198/zz002dx5z2		1919-2012	
21198/zz002dx6b7		1959 - 2012	
21198/zz002dx6qx		1945-2012	
21198/zz002dx754		1926-2012	
21198/zz002dx7sf		1926-2010	
21198/zz002gg4wj		1950-2012	
21198/zz002gvw4q		1930-2013	
21198/zz002gw17n		1930 to 2013	
21198/zz002gw185		1951-2014	
21198/zz002h5z86		1941-2013	
21198/zz002h7tcq		1953-2011	
21198/zz002hdpc1		1933-2013	
21198/zz002hdpdj		1937-2012	
21198/zz002hgc5g		1948-2013	
21198/zz002hgc60		1940-2013	
21198/zz002hgc7h		1965-2013	
21198/zz002hgcfm		1933-2010	
21198/zz002hgcg4		1943-2010	
21198/zz002hgckp		1945-2013	
21198/zz002hgcm6		1956-2013	
21198/zz002hgnt5		1945-2013	
21198/zz002hj1g6		1950-2014	
21198/zz002hj1p9		1954-2012	
21198/zz002hj1wd		1950-2012	
21198/zz002hj2h6		1965-2013	
21198/zz002hj3wc		1938 - 2011	
21198/zz002hj3zd		1959-2011	
21198/zz002hj42f		1939-2011	
21198/zz002hjqjw		1931-2013	
21198/zz002hjqpz		1926-2013	
21198/zz002hjzg7		1936-2012	
21198/zz002hkcv5		1948-2012	
21198/zz002hkcwp		1945-2013	
21198/zz002hkgvm		1920-2013	
21198/zz002hkgxn		1938-2013	
21198/zz002hkjw3		1936-2015	
21198/zz002hm38z		1948-2013	
21198/zz002hvqsj		1946-2013	
21198/zz002hvs2n		1970-2012	
21198/zz002hvx12		1928-2014	
21198/zz002hwdj1		1950-2013.	
21198/zz002hxh2p		1945-2012	
21198/zz002hxh36		1927-2013	
21198/zz002hxhng		1938-2014	
21198/zz002hxhvk		1967-2013	
21198/zz002hxhw3		1967-2013	
21198/zz002hxk4p		1953 - 2014	
21198/zz002hz4z8		1954-2014	
21198/zz002hz7rm		1960 - 2014	
21198/zz002hzfwk		1930-2013	
21198/zz002hzfx3		1960-2014	
21198/zz002hzfzm		1959-2013	
21198/zz002hzg2n		1941-2013	
21198/zz002hzg35		1934-2013	
21198/zz002hzg4p		1967-2014	
21198/zz002hzgjw		1945-2013	
21198/zz002hzgnf		1953 - 2014	
21198/zz002hzgpz		1950-2014	
21198/zz002hzgqg		1967-2014	
21198/zz002hzgr0		1935-2014	
21198/zz002hzgsh		1960-2014	
21198/zz002j0bbq		1960 - 2014	
21198/zz002j75v6			
21198/zz002j8w80		1945-2013	
21198/zz002j8w9h		1981-2014	
21198/zz002j8wfk		1935-2009	
21198/zz002j96fc		1925-2010	
21198/zz002jb3ng		1946-2015	
21198/zz002jb3r1		1950-2009	
21198/zz002jb4zm		1977-2011	
21198/zz002jb50m		1947-2011	
21198/zz002jb514		1943-2014	
21198/zz002jb535		1945-2011	
21198/zz002jb72m		1930-2013	
21198/zz002jh4gm		[unknown]-2009	
21198/zz002jh4h4		1960-2009	
21198/zz002jh4jn		[unknown]-2009	
21198/zz002jj86v		1921-2001	
21198/zz002jj8hh		1920-2014	
21198/zz002jj8j1		1981-2014	
21198/zz002jj8kj		1986-2014	
21198/zz002jj8m2		1979-2014	
21198/zz002jj8t5		1940-2011	
21198/zz002jjxzd		1961-2013	
21198/zz002jkbdc		1963-2014	
21198/zz002jkbfw		1980-2014	
21198/zz002jxz7z		1957-2014	
21198/zz002jxz8g		1957-2014	
21198/zz002jxz90		1957-2014	
21198/zz002jxzbh		1957-2014	
21198/zz002jxzc1		1957-2014	
21198/zz002jxzdj		1957-2014	
21198/zz002jxzf2		1957-2014	
21198/zz002jxzgk		1957-2014	
21198/zz002jxzh3		1957-2014	
21198/zz002jxzjm		1957-2014	
21198/zz002jxzk4		1957-2014	
21198/zz002jxzmn		1957-2014	
21198/zz002jxzn5		1957-2014	
21198/zz002jxzpp		1957-2014	
21198/zz002jxzq6		1957-2014	
21198/zz002jxzrq		1957-2014	
21198/zz002jxzs7		1957-2014	
21198/zz002k2s5q		1943-2012	
21198/zz002k31m8		1960-2014	
21198/zz002k31ns		1936-2015	
21198/zz002k31p9		1948-2014	
21198/zz002k31rb		1947-2015	
21198/zz002k31sv		1956-2014	
21198/zz002k31tc		1942-2014	
21198/zz002k31vw		1936-2014	
21198/zz002k353f		1969-2010	
21198/zz002k354z		1950-2009	
21198/zz002k355g		1951-2010	
21198/zz002k3560		1938-2009	
21198/zz002k357h		1961-2010	
21198/zz002k3581		1954-2010	
21198/zz002k359j		1938-2009	
21198/zz002k35ck		1945-2010	
21198/zz002k3jdd		1957-2014	
21198/zz002k3jfx		1957-2014	
21198/zz002k3jgf		1957-2014	
21198/zz002k3jhz		1957-2014	
21198/zz002k3jjg		1957-2014	
21198/zz002k3tfs		1965-2004	
21198/zz002k42zc		ca. 1965 - 2014	
21198/zz002k430c		ca. 1960 - 2014	
21198/zz002k431w		ca. 1914 - 2013	
21198/zz002k432d		ca. 1966 - 2014	
21198/zz002k433x		ca. 1966 - 2013	
21198/zz002k5bcw		1969 - 2014	
21198/zz002k638d		1976-2011	
21198/zz002k6d14		1980-2015	
21198/zz002k6p4j		1950-2015	
21198/zz002k6prv		1986-2015	
21198/zz002k6qns		1941-2015	
21198/zz002k6rf5		1934-2015	
21198/zz002k6rgp		1965-2016	
21198/zz002k6rh6		1965-2016	
21198/zz002k6rjq		1944 - 2013	
21198/zz002k6s2z		1971 - 2014	
21198/zz002k6sg5		1973 - 2014	
21198/zz002k6szd		1949-2015	
21198/zz002k6t0d		1931-2015	
21198/zz002k7gfr		1967-2015	
21198/zz002k7gmb		1959-2016	
21198/zz002k7gsx		1944-2016	
21198/zz002k7h11		1948-2013	
21198/zz002k7h32		1941-2016	
21198/zz002k7h6m		1910-2016	
21198/zz002k7hgr		1943-2014	
21198/zz002k7j00		1948-2016	
21198/zz002k7j3j		1957-2014	
21198/zz002k7kc5		1922-2016	
21198/zz002k7msv		1951-2016	
21198/zz002k7q4g		1944-2016	
21198/zz002k7q6h		1930-2013	
21198/zz002k7q71		1930-2013	
21198/zz002k7q92		1900-2014	
21198/zz002k7wvr		1951-2016	
21198/zz002kgvwx		1986-2015	
21198/zz002kgvxf		1986-2015	
21198/zz002kgwd5		1898-1969	
21198/zz002kgwfp		1898-1969	
21198/zz002kgwg6		1898-1969	
21198/zz002kgwhq		1898-1969	
21198/zz002kgwj7		1898-1969	
21198/zz002kgwkr		1898-1969	
21198/zz002kgwm8		1898-1969	
21198/zz002kgwns		1898-1969	
21198/zz002kdzx0		1946-2019	
21198/zz002kc9tt		1950-2017	
21198/zz002kc9xc		1945-2017	
21198/zz002kcbkp		1942-2017	
21198/zz002kcd0v		1948-2017	
21198/zz002kcd3d		1952-2017	
21198/zz002kcd9h		1952-2017	
21198/zz002kcdkn		1953-2017	
21198/zz002kcdp6		1949-2017	
21198/zz002kcjz8		1942-2017	
21198/zz002kcp17		1943-2017	
21198/zz002kcqtm		1953-2017	
21198/zz002kcqwn		1974-2017	
21198/zz002kcr6s		1960-2017	
21198/zz002kcr79		1958-2017	
21198/zz002kcr8t		1941-2017	
21198/zz002kcr9b		1950-2017	
21198/zz002kcrw4		1935-2017	
21198/zz002kcs1p		1937-2017	
21198/zz002kcs47		1935-2017	
21198/zz002kcs7s		1955-2017	
21198/zz002kf1ps		1940 - 1995	
21198/zz002kcszn		1915-2002	
21198/zz002kcw77		1938-2017	
21198/zz002kcw98		1944-2017	
21198/zz002kcwc9		1929-2017	
21198/zz002kcwdt		1937-2012	
21198/zz002kcx1m		1925-2003	
21198/zz002kczw1		1961-2017	
21198/zz002kczz2		1949-2017	
21198/zz002kd011		1955-2017	
21198/zz002kd032		1954-2017	
21198/zz002kd053		1952-2017	
21198/zz002kd06m		1954-2017	
21198/zz002kd0c6		1944-2018	
21198/zz002kd0sd		1950-2017	
21198/zz002kd0tx		1952-2017	
21198/zz002kd3xx		1958-2017	
21198/zz002kd64g		1943-2018	
21198/zz002khbcc		1932-2009	
21198/zz002khbqj		1950-2017	
21198/zz002khc26		1980-2016	
21198/zz002khdxm		1971-2020	
21198/zz002kfgnj		1953-2019	
21198/zz002kfgp2		1951-2018	
21198/zz002kfh06		1953-2019	
21198/zz002kfh1q		1953-2019	
21198/zz002kfh27		1953-2019	
21198/zz002kfh3r		1953-2019	
21198/zz002kfh48		1953-2019	
21198/zz002khs9m		1930-2004	
21198/zz002kbrrm		1965-2009	
21198/zz002kbrwp		1927-1993	
21198/zz002kbs7b		1988-2017	
21198/zz002kbvxn		1950-2017	
21198/zz002kc0qx		1950-2016	
21198/zz002kc3c6		1931-2017	
21198/zz002kc3js		1949-2016	
21198/zz002kd7d3		1947-2018	
21198/zz002kd7fm		1941-2018	
21198/zz002kd7g4		1944-2018	
21198/zz002kd7hn		1960-2018	
21198/zz002kd7ss		1961-2018	
21198/zz002kd7t9		1947-2018	
21198/zz002kd86g			
21198/zz002kd8h4		1946-2018	
21198/zz002kd8v9		1951-2017	
21198/zz002kdcm4			
21198/zz002kdcxs		1943-2014	
21198/zz002kdd7x		1949-2017	
21198/zz002kdgdg		1946-2018	
21198/zz002kdgk2		1949-2018	
21198/zz002kdj7v		1965-2019	
21198/zz002kdk38		1926-2013	
21198/zz002kdkhg			
21198/zz002kdkkh		1929-2018	
21198/zz002kps69		1957-2022	
21198/zz002kps7t		1967-2022	
21198/zz002kps8b		1958-2022	
21198/zz002kps9v		1961-2022	
21198/zz002kpsbc		1960-2022	
21198/zz002kptkg		1934-2022	
21198/zz002kptm0		1955-2022	
21198/zz002kptnh		1940-2022	
21198/zz002kptp1		1950-2022	
21198/zz002kptqj		1957-2022	
21198/zz002kptr2		1959-2022	
21198/zz002kptsk		1955-2022	
21198/zz002kprt4		1951-2003	
21198/zz002kprvn			
21198/zz002kprz6		1950-2000	
21198/zz002kps06		1950-2000	
21198/zz002kps27		1941-2004	
21198/zz002knb8m		1977-2020	
21198/zz002knbms		1989-2020	
21198/zz002knpdh			
21198/zz002knpgj		1987-2020	
21198/zz002knqj2		unknown-2020	
21198/zz002knqm3		unknown-2020	
21198/zz002knt8c			
21198/zz002knz7s		unknown-2019	
21198/zz002kn0r1		1956-2005	
21198/zz002kjhbq		1963-2020	
21198/zz002kmc32		1941-2004	
21198/zz002kmp2w		1945-2020	
21198/zz002kmp3d		1940-2020	
21198/zz002kmp4x		1951-2020	
21198/zz002kmp5f		1935-2020	
21198/zz002kmp6z		1943-2020	
21198/zz002kmp7g		1952-2020	
21198/zz002kp3jt		1972-2019	
